file,outgoing_imports,incoming_refs,total
log4j-api/src/main/java/org/apache/logging/log4j/BridgeAware.java,0,2,2
log4j-api/src/main/java/org/apache/logging/log4j/CloseableThreadContext.java,4,1,5
log4j-api/src/main/java/org/apache/logging/log4j/EventLogger.java,2,0,2
log4j-api/src/main/java/org/apache/logging/log4j/Level.java,7,97,104
log4j-api/src/main/java/org/apache/logging/log4j/LogBuilder.java,2,4,6
log4j-api/src/main/java/org/apache/logging/log4j/LogManager.java,12,12,24
log4j-api/src/main/java/org/apache/logging/log4j/Logger.java,7,110,117
log4j-api/src/main/java/org/apache/logging/log4j/LoggingException.java,0,8,8
log4j-api/src/main/java/org/apache/logging/log4j/Marker.java,1,64,65
log4j-api/src/main/java/org/apache/logging/log4j/MarkerManager.java,6,9,15
log4j-api/src/main/java/org/apache/logging/log4j/ThreadContext.java,19,20,39
log4j-api/src/main/java/org/apache/logging/log4j/internal/DefaultLogBuilder.java,13,1,14
log4j-api/src/main/java/org/apache/logging/log4j/internal/LogManagerStatus.java,0,1,1
log4j-api/src/main/java/org/apache/logging/log4j/internal/annotation/SuppressFBWarnings.java,2,7,9
log4j-api/src/main/java/org/apache/logging/log4j/internal/map/UnmodifiableArrayBackedMap.java,10,0,10
log4j-api/src/main/java/org/apache/logging/log4j/message/AbstractMessageFactory.java,1,0,1
log4j-api/src/main/java/org/apache/logging/log4j/message/AsynchronouslyFormattable.java,5,1,6
log4j-api/src/main/java/org/apache/logging/log4j/message/BasicThreadInformation.java,3,0,3
log4j-api/src/main/java/org/apache/logging/log4j/message/Clearable.java,0,0,0
log4j-api/src/main/java/org/apache/logging/log4j/message/DefaultFlowMessageFactory.java,4,2,6
log4j-api/src/main/java/org/apache/logging/log4j/message/EntryMessage.java,0,2,2
log4j-api/src/main/java/org/apache/logging/log4j/message/ExitMessage.java,0,0,0
log4j-api/src/main/java/org/apache/logging/log4j/message/FlowMessage.java,0,0,0
log4j-api/src/main/java/org/apache/logging/log4j/message/FlowMessageFactory.java,0,4,4
log4j-api/src/main/java/org/apache/logging/log4j/message/FormattedMessage.java,7,0,7
log4j-api/src/main/java/org/apache/logging/log4j/message/FormattedMessageFactory.java,0,0,0
log4j-api/src/main/java/org/apache/logging/log4j/message/LocalizedMessage.java,7,0,7
log4j-api/src/main/java/org/apache/logging/log4j/message/LocalizedMessageFactory.java,3,0,3
log4j-api/src/main/java/org/apache/logging/log4j/message/LoggerNameAwareMessage.java,0,1,1
log4j-api/src/main/java/org/apache/logging/log4j/message/MapMessage.java,16,9,25
log4j-api/src/main/java/org/apache/logging/log4j/message/MapMessageJsonFormatter.java,9,0,9
log4j-api/src/main/java/org/apache/logging/log4j/message/Message.java,2,71,73
log4j-api/src/main/java/org/apache/logging/log4j/message/MessageCollectionMessage.java,0,1,1
log4j-api/src/main/java/org/apache/logging/log4j/message/MessageFactory.java,0,17,17
log4j-api/src/main/java/org/apache/logging/log4j/message/MessageFactory2.java,0,4,4
log4j-api/src/main/java/org/apache/logging/log4j/message/MessageFormatMessage.java,9,1,10
log4j-api/src/main/java/org/apache/logging/log4j/message/MessageFormatMessageFactory.java,0,0,0
log4j-api/src/main/java/org/apache/logging/log4j/message/MultiformatMessage.java,0,3,3
log4j-api/src/main/java/org/apache/logging/log4j/message/ObjectArrayMessage.java,5,0,5
log4j-api/src/main/java/org/apache/logging/log4j/message/ObjectMessage.java,7,5,12
log4j-api/src/main/java/org/apache/logging/log4j/message/ParameterConsumer.java,0,3,3
log4j-api/src/main/java/org/apache/logging/log4j/message/ParameterFormatter.java,13,0,13
log4j-api/src/main/java/org/apache/logging/log4j/message/ParameterVisitable.java,1,3,4
log4j-api/src/main/java/org/apache/logging/log4j/message/ParameterizedMessage.java,13,4,17
log4j-api/src/main/java/org/apache/logging/log4j/message/ParameterizedMessageFactory.java,0,4,4
log4j-api/src/main/java/org/apache/logging/log4j/message/ParameterizedNoReferenceMessageFactory.java,1,1,2
log4j-api/src/main/java/org/apache/logging/log4j/message/ReusableMessage.java,2,5,7
log4j-api/src/main/java/org/apache/logging/log4j/message/ReusableMessageFactory.java,2,2,4
log4j-api/src/main/java/org/apache/logging/log4j/message/ReusableObjectMessage.java,2,0,2
log4j-api/src/main/java/org/apache/logging/log4j/message/ReusableParameterizedMessage.java,5,0,5
log4j-api/src/main/java/org/apache/logging/log4j/message/ReusableSimpleMessage.java,2,0,2
log4j-api/src/main/java/org/apache/logging/log4j/message/SimpleMessage.java,5,11,16
log4j-api/src/main/java/org/apache/logging/log4j/message/SimpleMessageFactory.java,0,0,0
log4j-api/src/main/java/org/apache/logging/log4j/message/StringFormattedMessage.java,8,2,10
log4j-api/src/main/java/org/apache/logging/log4j/message/StringFormatterMessageFactory.java,0,1,1
log4j-api/src/main/java/org/apache/logging/log4j/message/StringMapMessage.java,2,0,2
log4j-api/src/main/java/org/apache/logging/log4j/message/StructuredDataCollectionMessage.java,4,1,5
log4j-api/src/main/java/org/apache/logging/log4j/message/StructuredDataId.java,4,2,6
log4j-api/src/main/java/org/apache/logging/log4j/message/StructuredDataMessage.java,3,5,8
log4j-api/src/main/java/org/apache/logging/log4j/message/ThreadDumpMessage.java,16,0,16
log4j-api/src/main/java/org/apache/logging/log4j/message/ThreadInformation.java,0,2,2
log4j-api/src/main/java/org/apache/logging/log4j/message/TimestampMessage.java,0,3,3
log4j-api/src/main/java/org/apache/logging/log4j/simple/SimpleLogger.java,14,0,14
log4j-api/src/main/java/org/apache/logging/log4j/simple/SimpleLoggerContext.java,11,1,12
log4j-api/src/main/java/org/apache/logging/log4j/simple/SimpleLoggerContextFactory.java,3,3,6
log4j-api/src/main/java/org/apache/logging/log4j/simple/internal/SimpleProvider.java,13,2,15
log4j-api/src/main/java/org/apache/logging/log4j/spi/AbstractLogger.java,23,7,30
log4j-api/src/main/java/org/apache/logging/log4j/spi/AbstractLoggerAdapter.java,9,1,10
log4j-api/src/main/java/org/apache/logging/log4j/spi/CleanableThreadContextMap.java,0,1,1
log4j-api/src/main/java/org/apache/logging/log4j/spi/CopyOnWrite.java,0,1,1
log4j-api/src/main/java/org/apache/logging/log4j/spi/DefaultThreadContextMap.java,8,3,11
log4j-api/src/main/java/org/apache/logging/log4j/spi/DefaultThreadContextStack.java,8,1,9
log4j-api/src/main/java/org/apache/logging/log4j/spi/ExtendedLogger.java,6,4,10
log4j-api/src/main/java/org/apache/logging/log4j/spi/ExtendedLoggerWrapper.java,5,0,5
log4j-api/src/main/java/org/apache/logging/log4j/spi/LocationAwareLogger.java,3,0,3
log4j-api/src/main/java/org/apache/logging/log4j/spi/LoggerAdapter.java,1,0,1
log4j-api/src/main/java/org/apache/logging/log4j/spi/LoggerContext.java,3,4,7
log4j-api/src/main/java/org/apache/logging/log4j/spi/LoggerContextFactory.java,1,10,11
log4j-api/src/main/java/org/apache/logging/log4j/spi/LoggerContextKey.java,1,0,1
log4j-api/src/main/java/org/apache/logging/log4j/spi/LoggerContextShutdownAware.java,0,2,2
log4j-api/src/main/java/org/apache/logging/log4j/spi/LoggerContextShutdownEnabled.java,1,1,2
log4j-api/src/main/java/org/apache/logging/log4j/spi/LoggerRegistry.java,16,1,17
log4j-api/src/main/java/org/apache/logging/log4j/spi/MessageFactory2Adapter.java,5,0,5
log4j-api/src/main/java/org/apache/logging/log4j/spi/MutableThreadContextStack.java,7,2,9
log4j-api/src/main/java/org/apache/logging/log4j/spi/NoOpThreadContextMap.java,4,2,6
log4j-api/src/main/java/org/apache/logging/log4j/spi/ObjectThreadContextMap.java,1,1,2
log4j-api/src/main/java/org/apache/logging/log4j/spi/Provider.java,11,6,17
log4j-api/src/main/java/org/apache/logging/log4j/spi/ReadOnlyThreadContextMap.java,3,4,7
log4j-api/src/main/java/org/apache/logging/log4j/spi/StandardLevel.java,1,1,2
log4j-api/src/main/java/org/apache/logging/log4j/spi/Terminable.java,0,2,2
log4j-api/src/main/java/org/apache/logging/log4j/spi/ThreadContextMap.java,2,6,8
log4j-api/src/main/java/org/apache/logging/log4j/spi/ThreadContextMap2.java,2,1,3
log4j-api/src/main/java/org/apache/logging/log4j/spi/ThreadContextMapFactory.java,3,2,5
log4j-api/src/main/java/org/apache/logging/log4j/spi/ThreadContextStack.java,1,3,4
log4j-api/src/main/java/org/apache/logging/log4j/status/StatusConsoleListener.java,8,1,9
log4j-api/src/main/java/org/apache/logging/log4j/status/StatusData.java,11,3,14
log4j-api/src/main/java/org/apache/logging/log4j/status/StatusListener.java,3,1,4
log4j-api/src/main/java/org/apache/logging/log4j/status/StatusLogger.java,29,156,185
log4j-api/src/main/java/org/apache/logging/log4j/util/Activator.java,21,0,21
log4j-api/src/main/java/org/apache/logging/log4j/util/Base64Util.java,2,0,2
log4j-api/src/main/java/org/apache/logging/log4j/util/BiConsumer.java,0,6,6
log4j-api/src/main/java/org/apache/logging/log4j/util/Cast.java,0,0,0
log4j-api/src/main/java/org/apache/logging/log4j/util/Chars.java,0,5,5
log4j-api/src/main/java/org/apache/logging/log4j/util/Constants.java,1,13,14
log4j-api/src/main/java/org/apache/logging/log4j/util/EnglishEnums.java,1,8,9
log4j-api/src/main/java/org/apache/logging/log4j/util/EnvironmentPropertySource.java,6,0,6
log4j-api/src/main/java/org/apache/logging/log4j/util/FilteredObjectInputStream.java,10,1,11
log4j-api/src/main/java/org/apache/logging/log4j/util/IndexedReadOnlyStringMap.java,0,6,6
log4j-api/src/main/java/org/apache/logging/log4j/util/IndexedStringMap.java,0,4,4
log4j-api/src/main/java/org/apache/logging/log4j/util/InternalApi.java,3,0,3
log4j-api/src/main/java/org/apache/logging/log4j/util/InternalException.java,0,0,0
log4j-api/src/main/java/org/apache/logging/log4j/util/LambdaUtil.java,2,2,4
log4j-api/src/main/java/org/apache/logging/log4j/util/Lazy.java,3,4,7
log4j-api/src/main/java/org/apache/logging/log4j/util/LazyBoolean.java,3,0,3
log4j-api/src/main/java/org/apache/logging/log4j/util/LazyUtil.java,4,0,4
log4j-api/src/main/java/org/apache/logging/log4j/util/LoaderUtil.java,13,24,37
log4j-api/src/main/java/org/apache/logging/log4j/util/MessageSupplier.java,1,3,4
log4j-api/src/main/java/org/apache/logging/log4j/util/MultiFormatStringBuilderFormattable.java,1,2,3
log4j-api/src/main/java/org/apache/logging/log4j/util/OsgiServiceLocator.java,9,0,9
log4j-api/src/main/java/org/apache/logging/log4j/util/PerformanceSensitive.java,2,62,64
log4j-api/src/main/java/org/apache/logging/log4j/util/PrivateSecurityManagerStackTraceUtil.java,3,0,3
log4j-api/src/main/java/org/apache/logging/log4j/util/ProcessIdUtil.java,3,2,5
log4j-api/src/main/java/org/apache/logging/log4j/util/PropertiesPropertySource.java,3,0,3
log4j-api/src/main/java/org/apache/logging/log4j/util/PropertiesUtil.java,26,43,69
log4j-api/src/main/java/org/apache/logging/log4j/util/PropertyFilePropertySource.java,7,0,7
log4j-api/src/main/java/org/apache/logging/log4j/util/PropertySource.java,12,0,12
log4j-api/src/main/java/org/apache/logging/log4j/util/ProviderActivator.java,5,1,6
log4j-api/src/main/java/org/apache/logging/log4j/util/ProviderUtil.java,22,3,25
log4j-api/src/main/java/org/apache/logging/log4j/util/ReadOnlyStringMap.java,2,26,28
log4j-api/src/main/java/org/apache/logging/log4j/util/ServiceLoaderUtil.java,11,4,15
log4j-api/src/main/java/org/apache/logging/log4j/util/SortedArrayStringMap.java,9,4,13
log4j-api/src/main/java/org/apache/logging/log4j/util/StackLocator.java,6,0,6
log4j-api/src/main/java/org/apache/logging/log4j/util/StackLocatorUtil.java,4,15,19
log4j-api/src/main/java/org/apache/logging/log4j/util/StringBuilderFormattable.java,0,19,19
log4j-api/src/main/java/org/apache/logging/log4j/util/StringBuilders.java,2,24,26
log4j-api/src/main/java/org/apache/logging/log4j/util/StringMap.java,0,22,22
log4j-api/src/main/java/org/apache/logging/log4j/util/Strings.java,4,79,83
log4j-api/src/main/java/org/apache/logging/log4j/util/Supplier.java,0,14,14
log4j-api/src/main/java/org/apache/logging/log4j/util/SystemPropertiesPropertySource.java,7,0,7
log4j-api/src/main/java/org/apache/logging/log4j/util/Timer.java,2,0,2
log4j-api/src/main/java/org/apache/logging/log4j/util/TriConsumer.java,0,8,8
log4j-api/src/main/java/org/apache/logging/log4j/util/Unbox.java,2,0,2
log4j-api/src/main/java/org/apache/logging/log4j/util/internal/SerializationUtil.java,15,4,19
log4j-core/src/main/java/org/apache/logging/log4j/core/AbstractLifeCycle.java,3,14,17
log4j-core/src/main/java/org/apache/logging/log4j/core/AbstractLogEvent.java,11,0,11
log4j-core/src/main/java/org/apache/logging/log4j/core/Appender.java,1,37,38
log4j-core/src/main/java/org/apache/logging/log4j/core/ContextDataInjector.java,6,10,16
log4j-core/src/main/java/org/apache/logging/log4j/core/Core.java,0,69,69
log4j-core/src/main/java/org/apache/logging/log4j/core/DefaultLoggerContextAccessor.java,0,0,0
log4j-core/src/main/java/org/apache/logging/log4j/core/ErrorHandler.java,0,2,2
log4j-core/src/main/java/org/apache/logging/log4j/core/Filter.java,5,56,61
log4j-core/src/main/java/org/apache/logging/log4j/core/Layout.java,4,53,57
log4j-core/src/main/java/org/apache/logging/log4j/core/LifeCycle.java,0,5,5
log4j-core/src/main/java/org/apache/logging/log4j/core/LifeCycle2.java,1,7,8
log4j-core/src/main/java/org/apache/logging/log4j/core/LogEvent.java,9,208,217
log4j-core/src/main/java/org/apache/logging/log4j/core/LogEventListener.java,2,0,2
log4j-core/src/main/java/org/apache/logging/log4j/core/Logger.java,23,22,45
log4j-core/src/main/java/org/apache/logging/log4j/core/LoggerContext.java,45,47,92
log4j-core/src/main/java/org/apache/logging/log4j/core/LoggerContextAccessor.java,0,0,0
log4j-core/src/main/java/org/apache/logging/log4j/core/StringLayout.java,1,8,9
log4j-core/src/main/java/org/apache/logging/log4j/core/Version.java,0,1,1
log4j-core/src/main/java/org/apache/logging/log4j/core/appender/AbstractAppender.java,18,9,27
log4j-core/src/main/java/org/apache/logging/log4j/core/appender/AbstractFileAppender.java,10,0,10
log4j-core/src/main/java/org/apache/logging/log4j/core/appender/AbstractManager.java,15,7,22
log4j-core/src/main/java/org/apache/logging/log4j/core/appender/AbstractOutputStreamAppender.java,8,0,8
log4j-core/src/main/java/org/apache/logging/log4j/core/appender/AbstractWriterAppender.java,8,0,8
log4j-core/src/main/java/org/apache/logging/log4j/core/appender/AppenderLoggingException.java,1,9,10
log4j-core/src/main/java/org/apache/logging/log4j/core/appender/AppenderSet.java,13,0,13
log4j-core/src/main/java/org/apache/logging/log4j/core/appender/AsyncAppender.java,34,4,38
log4j-core/src/main/java/org/apache/logging/log4j/core/appender/AsyncAppenderEventDispatcher.java,12,0,12
log4j-core/src/main/java/org/apache/logging/log4j/core/appender/ConfigurationFactoryData.java,2,1,3
log4j-core/src/main/java/org/apache/logging/log4j/core/appender/ConsoleAppender.java,19,1,20
log4j-core/src/main/java/org/apache/logging/log4j/core/appender/CountingNoOpAppender.java,10,0,10
log4j-core/src/main/java/org/apache/logging/log4j/core/appender/DefaultErrorHandler.java,7,0,7
log4j-core/src/main/java/org/apache/logging/log4j/core/appender/FailoverAppender.java,21,0,21
log4j-core/src/main/java/org/apache/logging/log4j/core/appender/FailoversPlugin.java,7,0,7
log4j-core/src/main/java/org/apache/logging/log4j/core/appender/FileAppender.java,17,0,17
log4j-core/src/main/java/org/apache/logging/log4j/core/appender/FileManager.java,28,1,29
log4j-core/src/main/java/org/apache/logging/log4j/core/appender/HttpAppender.java,17,0,17
log4j-core/src/main/java/org/apache/logging/log4j/core/appender/HttpManager.java,5,0,5
log4j-core/src/main/java/org/apache/logging/log4j/core/appender/HttpURLConnectionManager.java,20,0,20
log4j-core/src/main/java/org/apache/logging/log4j/core/appender/ManagerFactory.java,0,10,10
log4j-core/src/main/java/org/apache/logging/log4j/core/appender/MemoryMappedFileAppender.java,16,0,16
log4j-core/src/main/java/org/apache/logging/log4j/core/appender/MemoryMappedFileManager.java,18,0,18
log4j-core/src/main/java/org/apache/logging/log4j/core/appender/NullAppender.java,7,0,7
log4j-core/src/main/java/org/apache/logging/log4j/core/appender/OutputStreamAppender.java,13,0,13
log4j-core/src/main/java/org/apache/logging/log4j/core/appender/OutputStreamManager.java,12,3,15
log4j-core/src/main/java/org/apache/logging/log4j/core/appender/RandomAccessFileAppender.java,16,0,16
log4j-core/src/main/java/org/apache/logging/log4j/core/appender/RandomAccessFileManager.java,13,0,13
log4j-core/src/main/java/org/apache/logging/log4j/core/appender/RollingFileAppender.java,26,0,26
log4j-core/src/main/java/org/apache/logging/log4j/core/appender/RollingRandomAccessFileAppender.java,25,0,25
log4j-core/src/main/java/org/apache/logging/log4j/core/appender/ScriptAppenderSelector.java,18,0,18
log4j-core/src/main/java/org/apache/logging/log4j/core/appender/SmtpAppender.java,32,0,32
log4j-core/src/main/java/org/apache/logging/log4j/core/appender/SocketAppender.java,29,0,29
log4j-core/src/main/java/org/apache/logging/log4j/core/appender/SyslogAppender.java,23,0,23
log4j-core/src/main/java/org/apache/logging/log4j/core/appender/TlsSyslogFrame.java,3,1,4
log4j-core/src/main/java/org/apache/logging/log4j/core/appender/WriterAppender.java,13,0,13
log4j-core/src/main/java/org/apache/logging/log4j/core/appender/WriterManager.java,4,0,4
log4j-core/src/main/java/org/apache/logging/log4j/core/appender/db/AbstractDatabaseAppender.java,12,3,15
log4j-core/src/main/java/org/apache/logging/log4j/core/appender/db/AbstractDatabaseManager.java,9,2,11
log4j-core/src/main/java/org/apache/logging/log4j/core/appender/db/ColumnMapping.java,18,3,21
log4j-core/src/main/java/org/apache/logging/log4j/core/appender/db/DbAppenderLoggingException.java,1,1,2
log4j-core/src/main/java/org/apache/logging/log4j/core/appender/db/jdbc/AbstractConnectionSource.java,1,0,1
log4j-core/src/main/java/org/apache/logging/log4j/core/appender/db/jdbc/AbstractDriverManagerConnectionSource.java,10,0,10
log4j-core/src/main/java/org/apache/logging/log4j/core/appender/db/jdbc/ColumnConfig.java,13,0,13
log4j-core/src/main/java/org/apache/logging/log4j/core/appender/db/jdbc/ConnectionSource.java,3,0,3
log4j-core/src/main/java/org/apache/logging/log4j/core/appender/db/jdbc/DataSourceConnectionSource.java,13,0,13
log4j-core/src/main/java/org/apache/logging/log4j/core/appender/db/jdbc/DriverManagerConnectionSource.java,5,0,5
log4j-core/src/main/java/org/apache/logging/log4j/core/appender/db/jdbc/FactoryMethodConnectionSource.java,13,0,13
log4j-core/src/main/java/org/apache/logging/log4j/core/appender/db/jdbc/JdbcAppender.java,20,0,20
log4j-core/src/main/java/org/apache/logging/log4j/core/appender/db/jdbc/JdbcDatabaseManager.java,42,0,42
log4j-core/src/main/java/org/apache/logging/log4j/core/appender/mom/JmsAppender.java,19,0,19
log4j-core/src/main/java/org/apache/logging/log4j/core/appender/mom/JmsManager.java,21,0,21
log4j-core/src/main/java/org/apache/logging/log4j/core/appender/mom/jeromq/JeroMqAppender.java,18,0,18
log4j-core/src/main/java/org/apache/logging/log4j/core/appender/mom/jeromq/JeroMqManager.java,18,0,18
log4j-core/src/main/java/org/apache/logging/log4j/core/appender/mom/kafka/DefaultKafkaProducerFactory.java,3,0,3
log4j-core/src/main/java/org/apache/logging/log4j/core/appender/mom/kafka/KafkaAppender.java,20,0,20
log4j-core/src/main/java/org/apache/logging/log4j/core/appender/mom/kafka/KafkaManager.java,18,0,18
log4j-core/src/main/java/org/apache/logging/log4j/core/appender/mom/kafka/KafkaProducerFactory.java,2,0,2
log4j-core/src/main/java/org/apache/logging/log4j/core/appender/nosql/AbstractNoSqlConnection.java,1,0,1
log4j-core/src/main/java/org/apache/logging/log4j/core/appender/nosql/DefaultNoSqlObject.java,5,0,5
log4j-core/src/main/java/org/apache/logging/log4j/core/appender/nosql/NoSqlAppender.java,13,0,13
log4j-core/src/main/java/org/apache/logging/log4j/core/appender/nosql/NoSqlConnection.java,1,0,1
log4j-core/src/main/java/org/apache/logging/log4j/core/appender/nosql/NoSqlDatabaseManager.java,15,0,15
log4j-core/src/main/java/org/apache/logging/log4j/core/appender/nosql/NoSqlObject.java,0,0,0
log4j-core/src/main/java/org/apache/logging/log4j/core/appender/nosql/NoSqlProvider.java,0,0,0
log4j-core/src/main/java/org/apache/logging/log4j/core/appender/rewrite/LoggerNameLevelRewritePolicy.java,12,0,12
log4j-core/src/main/java/org/apache/logging/log4j/core/appender/rewrite/MapRewritePolicy.java,14,0,14
log4j-core/src/main/java/org/apache/logging/log4j/core/appender/rewrite/PropertiesRewritePolicy.java,17,0,17
log4j-core/src/main/java/org/apache/logging/log4j/core/appender/rewrite/RewriteAppender.java,18,0,18
log4j-core/src/main/java/org/apache/logging/log4j/core/appender/rewrite/RewritePolicy.java,1,1,2
log4j-core/src/main/java/org/apache/logging/log4j/core/appender/rolling/AbstractRolloverStrategy.java,20,0,20
log4j-core/src/main/java/org/apache/logging/log4j/core/appender/rolling/AbstractTriggeringPolicy.java,1,0,1
log4j-core/src/main/java/org/apache/logging/log4j/core/appender/rolling/CompositeTriggeringPolicy.java,9,0,9
log4j-core/src/main/java/org/apache/logging/log4j/core/appender/rolling/CronTriggeringPolicy.java,15,0,15
log4j-core/src/main/java/org/apache/logging/log4j/core/appender/rolling/DefaultRolloverStrategy.java,28,2,30
log4j-core/src/main/java/org/apache/logging/log4j/core/appender/rolling/DirectFileRolloverStrategy.java,0,2,2
log4j-core/src/main/java/org/apache/logging/log4j/core/appender/rolling/DirectWriteRolloverStrategy.java,27,2,29
log4j-core/src/main/java/org/apache/logging/log4j/core/appender/rolling/FileExtension.java,7,0,7
log4j-core/src/main/java/org/apache/logging/log4j/core/appender/rolling/FileSize.java,7,1,8
log4j-core/src/main/java/org/apache/logging/log4j/core/appender/rolling/NoOpTriggeringPolicy.java,4,0,4
log4j-core/src/main/java/org/apache/logging/log4j/core/appender/rolling/OnStartupTriggeringPolicy.java,8,0,8
log4j-core/src/main/java/org/apache/logging/log4j/core/appender/rolling/PatternProcessor.java,14,0,14
log4j-core/src/main/java/org/apache/logging/log4j/core/appender/rolling/RollingFileManager.java,33,1,34
log4j-core/src/main/java/org/apache/logging/log4j/core/appender/rolling/RollingRandomAccessFileManager.java,14,1,15
log4j-core/src/main/java/org/apache/logging/log4j/core/appender/rolling/RolloverDescription.java,1,0,1
log4j-core/src/main/java/org/apache/logging/log4j/core/appender/rolling/RolloverDescriptionImpl.java,2,0,2
log4j-core/src/main/java/org/apache/logging/log4j/core/appender/rolling/RolloverFrequency.java,0,0,0
log4j-core/src/main/java/org/apache/logging/log4j/core/appender/rolling/RolloverListener.java,0,0,0
log4j-core/src/main/java/org/apache/logging/log4j/core/appender/rolling/RolloverStrategy.java,0,2,2
log4j-core/src/main/java/org/apache/logging/log4j/core/appender/rolling/SizeBasedTriggeringPolicy.java,5,0,5
log4j-core/src/main/java/org/apache/logging/log4j/core/appender/rolling/TimeBasedTriggeringPolicy.java,10,0,10
log4j-core/src/main/java/org/apache/logging/log4j/core/appender/rolling/TriggeringPolicy.java,1,2,3
log4j-core/src/main/java/org/apache/logging/log4j/core/appender/rolling/action/AbstractAction.java,3,1,4
log4j-core/src/main/java/org/apache/logging/log4j/core/appender/rolling/action/AbstractPathAction.java,14,0,14
log4j-core/src/main/java/org/apache/logging/log4j/core/appender/rolling/action/Action.java,1,7,8
log4j-core/src/main/java/org/apache/logging/log4j/core/appender/rolling/action/CommonsCompressAction.java,10,1,11
log4j-core/src/main/java/org/apache/logging/log4j/core/appender/rolling/action/CompositeAction.java,3,3,6
log4j-core/src/main/java/org/apache/logging/log4j/core/appender/rolling/action/DeleteAction.java,14,0,14
log4j-core/src/main/java/org/apache/logging/log4j/core/appender/rolling/action/DeletingVisitor.java,11,0,11
log4j-core/src/main/java/org/apache/logging/log4j/core/appender/rolling/action/Duration.java,4,0,4
log4j-core/src/main/java/org/apache/logging/log4j/core/appender/rolling/action/FileRenameAction.java,9,2,11
log4j-core/src/main/java/org/apache/logging/log4j/core/appender/rolling/action/GzCompressAction.java,9,1,10
log4j-core/src/main/java/org/apache/logging/log4j/core/appender/rolling/action/IfAccumulatedFileCount.java,12,0,12
log4j-core/src/main/java/org/apache/logging/log4j/core/appender/rolling/action/IfAccumulatedFileSize.java,13,0,13
log4j-core/src/main/java/org/apache/logging/log4j/core/appender/rolling/action/IfAll.java,9,0,9
log4j-core/src/main/java/org/apache/logging/log4j/core/appender/rolling/action/IfAny.java,9,0,9
log4j-core/src/main/java/org/apache/logging/log4j/core/appender/rolling/action/IfFileName.java,16,0,16
log4j-core/src/main/java/org/apache/logging/log4j/core/appender/rolling/action/IfLastModified.java,18,0,18
log4j-core/src/main/java/org/apache/logging/log4j/core/appender/rolling/action/IfNot.java,8,0,8
log4j-core/src/main/java/org/apache/logging/log4j/core/appender/rolling/action/PathCondition.java,4,2,6
log4j-core/src/main/java/org/apache/logging/log4j/core/appender/rolling/action/PathSortByModificationTime.java,5,0,5
log4j-core/src/main/java/org/apache/logging/log4j/core/appender/rolling/action/PathSorter.java,1,0,1
log4j-core/src/main/java/org/apache/logging/log4j/core/appender/rolling/action/PathWithAttributes.java,3,0,3
log4j-core/src/main/java/org/apache/logging/log4j/core/appender/rolling/action/PosixViewAttributeAction.java,24,2,26
log4j-core/src/main/java/org/apache/logging/log4j/core/appender/rolling/action/ScriptCondition.java,15,0,15
log4j-core/src/main/java/org/apache/logging/log4j/core/appender/rolling/action/SortingVisitor.java,12,0,12
log4j-core/src/main/java/org/apache/logging/log4j/core/appender/rolling/action/ZipCompressAction.java,7,1,8
log4j-core/src/main/java/org/apache/logging/log4j/core/appender/routing/IdlePurgePolicy.java,16,0,16
log4j-core/src/main/java/org/apache/logging/log4j/core/appender/routing/PurgePolicy.java,1,0,1
log4j-core/src/main/java/org/apache/logging/log4j/core/appender/routing/Route.java,8,0,8
log4j-core/src/main/java/org/apache/logging/log4j/core/appender/routing/Routes.java,18,0,18
log4j-core/src/main/java/org/apache/logging/log4j/core/appender/routing/RoutingAppender.java,26,0,26
log4j-core/src/main/java/org/apache/logging/log4j/core/async/AbstractAsyncExceptionHandler.java,1,0,1
log4j-core/src/main/java/org/apache/logging/log4j/core/async/ArrayBlockingQueueFactory.java,5,1,6
log4j-core/src/main/java/org/apache/logging/log4j/core/async/AsyncLogger.java,27,0,27
log4j-core/src/main/java/org/apache/logging/log4j/core/async/AsyncLoggerConfig.java,24,3,27
log4j-core/src/main/java/org/apache/logging/log4j/core/async/AsyncLoggerConfigDefaultExceptionHandler.java,0,0,0
log4j-core/src/main/java/org/apache/logging/log4j/core/async/AsyncLoggerConfigDelegate.java,4,2,6
log4j-core/src/main/java/org/apache/logging/log4j/core/async/AsyncLoggerConfigDisruptor.java,25,1,26
log4j-core/src/main/java/org/apache/logging/log4j/core/async/AsyncLoggerContext.java,9,2,11
log4j-core/src/main/java/org/apache/logging/log4j/core/async/AsyncLoggerContextSelector.java,5,2,7
log4j-core/src/main/java/org/apache/logging/log4j/core/async/AsyncLoggerDefaultExceptionHandler.java,0,0,0
log4j-core/src/main/java/org/apache/logging/log4j/core/async/AsyncLoggerDisruptor.java,20,0,20
log4j-core/src/main/java/org/apache/logging/log4j/core/async/AsyncQueueFullMessageUtil.java,1,1,2
log4j-core/src/main/java/org/apache/logging/log4j/core/async/AsyncQueueFullPolicy.java,1,1,2
log4j-core/src/main/java/org/apache/logging/log4j/core/async/AsyncQueueFullPolicyFactory.java,5,1,6
log4j-core/src/main/java/org/apache/logging/log4j/core/async/AsyncWaitStrategyFactory.java,1,2,3
log4j-core/src/main/java/org/apache/logging/log4j/core/async/AsyncWaitStrategyFactoryConfig.java,8,1,9
log4j-core/src/main/java/org/apache/logging/log4j/core/async/BasicAsyncLoggerContextSelector.java,7,1,8
log4j-core/src/main/java/org/apache/logging/log4j/core/async/BlockingQueueFactory.java,1,1,2
log4j-core/src/main/java/org/apache/logging/log4j/core/async/DefaultAsyncQueueFullPolicy.java,2,0,2
log4j-core/src/main/java/org/apache/logging/log4j/core/async/DefaultAsyncWaitStrategyFactory.java,10,0,10
log4j-core/src/main/java/org/apache/logging/log4j/core/async/DiscardingAsyncQueueFullPolicy.java,5,1,6
log4j-core/src/main/java/org/apache/logging/log4j/core/async/DisruptorBlockingQueueFactory.java,7,0,7
log4j-core/src/main/java/org/apache/logging/log4j/core/async/DisruptorUtil.java,10,0,10
log4j-core/src/main/java/org/apache/logging/log4j/core/async/EventRoute.java,5,1,6
log4j-core/src/main/java/org/apache/logging/log4j/core/async/InternalAsyncUtil.java,3,3,6
log4j-core/src/main/java/org/apache/logging/log4j/core/async/JCToolsBlockingQueueFactory.java,9,0,9
log4j-core/src/main/java/org/apache/logging/log4j/core/async/LinkedTransferQueueFactory.java,5,0,5
log4j-core/src/main/java/org/apache/logging/log4j/core/async/RingBufferLogEvent.java,29,0,29
log4j-core/src/main/java/org/apache/logging/log4j/core/async/RingBufferLogEventHandler.java,2,0,2
log4j-core/src/main/java/org/apache/logging/log4j/core/async/RingBufferLogEventHandler4.java,2,0,2
log4j-core/src/main/java/org/apache/logging/log4j/core/async/RingBufferLogEventTranslator.java,11,0,11
log4j-core/src/main/java/org/apache/logging/log4j/core/async/ThreadNameCachingStrategy.java,6,1,7
log4j-core/src/main/java/org/apache/logging/log4j/core/async/TimeoutBlockingWaitStrategy.java,6,0,6
log4j-core/src/main/java/org/apache/logging/log4j/core/config/AbstractConfiguration.java,63,9,72
log4j-core/src/main/java/org/apache/logging/log4j/core/config/AppenderControl.java,9,5,14
log4j-core/src/main/java/org/apache/logging/log4j/core/config/AppenderControlArraySet.java,7,0,7
log4j-core/src/main/java/org/apache/logging/log4j/core/config/AppenderRef.java,9,5,14
log4j-core/src/main/java/org/apache/logging/log4j/core/config/AppendersPlugin.java,7,0,7
log4j-core/src/main/java/org/apache/logging/log4j/core/config/AwaitCompletionReliabilityStrategy.java,12,0,12
log4j-core/src/main/java/org/apache/logging/log4j/core/config/AwaitUnconditionallyReliabilityStrategy.java,8,0,8
log4j-core/src/main/java/org/apache/logging/log4j/core/config/Configuration.java,17,124,141
log4j-core/src/main/java/org/apache/logging/log4j/core/config/ConfigurationAware.java,0,3,3
log4j-core/src/main/java/org/apache/logging/log4j/core/config/ConfigurationException.java,0,9,9
log4j-core/src/main/java/org/apache/logging/log4j/core/config/ConfigurationFactory.java,32,10,42
log4j-core/src/main/java/org/apache/logging/log4j/core/config/ConfigurationFileWatcher.java,6,2,8
log4j-core/src/main/java/org/apache/logging/log4j/core/config/ConfigurationListener.java,0,5,5
log4j-core/src/main/java/org/apache/logging/log4j/core/config/ConfigurationScheduler.java,12,4,16
log4j-core/src/main/java/org/apache/logging/log4j/core/config/ConfigurationSource.java,25,19,44
log4j-core/src/main/java/org/apache/logging/log4j/core/config/Configurator.java,14,0,14
log4j-core/src/main/java/org/apache/logging/log4j/core/config/CronScheduledFuture.java,6,1,7
log4j-core/src/main/java/org/apache/logging/log4j/core/config/CustomLevelConfig.java,7,0,7
log4j-core/src/main/java/org/apache/logging/log4j/core/config/CustomLevels.java,7,0,7
log4j-core/src/main/java/org/apache/logging/log4j/core/config/DefaultAdvertiser.java,3,0,3
log4j-core/src/main/java/org/apache/logging/log4j/core/config/DefaultConfiguration.java,0,6,6
log4j-core/src/main/java/org/apache/logging/log4j/core/config/DefaultLayout.java,7,0,7
log4j-core/src/main/java/org/apache/logging/log4j/core/config/DefaultReliabilityStrategy.java,6,0,6
log4j-core/src/main/java/org/apache/logging/log4j/core/config/HttpWatcher.java,20,0,20
log4j-core/src/main/java/org/apache/logging/log4j/core/config/LocationAwareReliabilityStrategy.java,4,1,5
log4j-core/src/main/java/org/apache/logging/log4j/core/config/LockingReliabilityStrategy.java,8,0,8
log4j-core/src/main/java/org/apache/logging/log4j/core/config/LoggerConfig.java,38,11,49
log4j-core/src/main/java/org/apache/logging/log4j/core/config/LoggerContextAware.java,1,1,2
log4j-core/src/main/java/org/apache/logging/log4j/core/config/Loggers.java,1,0,1
log4j-core/src/main/java/org/apache/logging/log4j/core/config/LoggersPlugin.java,5,0,5
log4j-core/src/main/java/org/apache/logging/log4j/core/config/MonitorResource.java,7,0,7
log4j-core/src/main/java/org/apache/logging/log4j/core/config/MonitorResources.java,9,0,9
log4j-core/src/main/java/org/apache/logging/log4j/core/config/Node.java,5,73,78
log4j-core/src/main/java/org/apache/logging/log4j/core/config/NullConfiguration.java,1,1,2
log4j-core/src/main/java/org/apache/logging/log4j/core/config/Order.java,4,4,8
log4j-core/src/main/java/org/apache/logging/log4j/core/config/OrderComparator.java,3,0,3
log4j-core/src/main/java/org/apache/logging/log4j/core/config/PropertiesPlugin.java,10,0,10
log4j-core/src/main/java/org/apache/logging/log4j/core/config/Property.java,10,46,56
log4j-core/src/main/java/org/apache/logging/log4j/core/config/Reconfigurable.java,0,10,10
log4j-core/src/main/java/org/apache/logging/log4j/core/config/ReliabilityStrategy.java,5,2,7
log4j-core/src/main/java/org/apache/logging/log4j/core/config/ReliabilityStrategyFactory.java,3,0,3
log4j-core/src/main/java/org/apache/logging/log4j/core/config/Scheduled.java,5,2,7
log4j-core/src/main/java/org/apache/logging/log4j/core/config/ScriptsPlugin.java,10,0,10
log4j-core/src/main/java/org/apache/logging/log4j/core/config/arbiters/Arbiter.java,0,1,1
log4j-core/src/main/java/org/apache/logging/log4j/core/config/arbiters/ClassArbiter.java,5,0,5
log4j-core/src/main/java/org/apache/logging/log4j/core/config/arbiters/DefaultArbiter.java,3,0,3
log4j-core/src/main/java/org/apache/logging/log4j/core/config/arbiters/EnvironmentArbiter.java,4,0,4
log4j-core/src/main/java/org/apache/logging/log4j/core/config/arbiters/ScriptArbiter.java,13,0,13
log4j-core/src/main/java/org/apache/logging/log4j/core/config/arbiters/SelectArbiter.java,5,1,6
log4j-core/src/main/java/org/apache/logging/log4j/core/config/arbiters/SystemPropertyArbiter.java,4,0,4
log4j-core/src/main/java/org/apache/logging/log4j/core/config/builder/api/AppenderComponentBuilder.java,0,3,3
log4j-core/src/main/java/org/apache/logging/log4j/core/config/builder/api/AppenderRefComponentBuilder.java,0,5,5
log4j-core/src/main/java/org/apache/logging/log4j/core/config/builder/api/Component.java,4,4,8
log4j-core/src/main/java/org/apache/logging/log4j/core/config/builder/api/ComponentBuilder.java,3,4,7
log4j-core/src/main/java/org/apache/logging/log4j/core/config/builder/api/CompositeFilterComponentBuilder.java,0,1,1
log4j-core/src/main/java/org/apache/logging/log4j/core/config/builder/api/ConfigurationBuilder.java,9,3,12
log4j-core/src/main/java/org/apache/logging/log4j/core/config/builder/api/ConfigurationBuilderFactory.java,2,2,4
log4j-core/src/main/java/org/apache/logging/log4j/core/config/builder/api/CustomLevelComponentBuilder.java,0,2,2
log4j-core/src/main/java/org/apache/logging/log4j/core/config/builder/api/FilterComponentBuilder.java,0,8,8
log4j-core/src/main/java/org/apache/logging/log4j/core/config/builder/api/FilterableComponentBuilder.java,0,1,1
log4j-core/src/main/java/org/apache/logging/log4j/core/config/builder/api/KeyValuePairComponentBuilder.java,0,2,2
log4j-core/src/main/java/org/apache/logging/log4j/core/config/builder/api/LayoutComponentBuilder.java,0,4,4
log4j-core/src/main/java/org/apache/logging/log4j/core/config/builder/api/LoggableComponentBuilder.java,0,1,1
log4j-core/src/main/java/org/apache/logging/log4j/core/config/builder/api/LoggerComponentBuilder.java,0,3,3
log4j-core/src/main/java/org/apache/logging/log4j/core/config/builder/api/PropertyComponentBuilder.java,0,2,2
log4j-core/src/main/java/org/apache/logging/log4j/core/config/builder/api/RootLoggerComponentBuilder.java,0,3,3
log4j-core/src/main/java/org/apache/logging/log4j/core/config/builder/api/ScriptComponentBuilder.java,0,3,3
log4j-core/src/main/java/org/apache/logging/log4j/core/config/builder/api/ScriptFileComponentBuilder.java,0,3,3
log4j-core/src/main/java/org/apache/logging/log4j/core/config/builder/impl/BuiltConfiguration.java,14,2,16
log4j-core/src/main/java/org/apache/logging/log4j/core/config/builder/impl/DefaultAppenderComponentBuilder.java,4,0,4
log4j-core/src/main/java/org/apache/logging/log4j/core/config/builder/impl/DefaultAppenderRefComponentBuilder.java,3,0,3
log4j-core/src/main/java/org/apache/logging/log4j/core/config/builder/impl/DefaultComponentAndConfigurationBuilder.java,2,0,2
log4j-core/src/main/java/org/apache/logging/log4j/core/config/builder/impl/DefaultComponentBuilder.java,9,0,9
log4j-core/src/main/java/org/apache/logging/log4j/core/config/builder/impl/DefaultCompositeFilterComponentBuilder.java,4,0,4
log4j-core/src/main/java/org/apache/logging/log4j/core/config/builder/impl/DefaultConfigurationBuilder.java,46,1,47
log4j-core/src/main/java/org/apache/logging/log4j/core/config/builder/impl/DefaultCustomLevelComponentBuilder.java,2,0,2
log4j-core/src/main/java/org/apache/logging/log4j/core/config/builder/impl/DefaultFilterComponentBuilder.java,3,0,3
log4j-core/src/main/java/org/apache/logging/log4j/core/config/builder/impl/DefaultKeyValuePairComponentBuilder.java,2,0,2
log4j-core/src/main/java/org/apache/logging/log4j/core/config/builder/impl/DefaultLayoutComponentBuilder.java,2,0,2
log4j-core/src/main/java/org/apache/logging/log4j/core/config/builder/impl/DefaultLoggerComponentBuilder.java,4,0,4
log4j-core/src/main/java/org/apache/logging/log4j/core/config/builder/impl/DefaultPropertyComponentBuilder.java,2,0,2
log4j-core/src/main/java/org/apache/logging/log4j/core/config/builder/impl/DefaultRootLoggerComponentBuilder.java,4,0,4
log4j-core/src/main/java/org/apache/logging/log4j/core/config/builder/impl/DefaultScriptComponentBuilder.java,2,0,2
log4j-core/src/main/java/org/apache/logging/log4j/core/config/builder/impl/DefaultScriptFileComponentBuilder.java,2,0,2
log4j-core/src/main/java/org/apache/logging/log4j/core/config/composite/CompositeConfiguration.java,21,2,23
log4j-core/src/main/java/org/apache/logging/log4j/core/config/composite/DefaultMergeStrategy.java,14,0,14
log4j-core/src/main/java/org/apache/logging/log4j/core/config/composite/MergeStrategy.java,3,0,3
log4j-core/src/main/java/org/apache/logging/log4j/core/config/json/JsonConfiguration.java,23,1,24
log4j-core/src/main/java/org/apache/logging/log4j/core/config/json/JsonConfigurationFactory.java,7,0,7
log4j-core/src/main/java/org/apache/logging/log4j/core/config/plugins/Plugin.java,6,213,219
log4j-core/src/main/java/org/apache/logging/log4j/core/config/plugins/PluginAliases.java,5,11,16
log4j-core/src/main/java/org/apache/logging/log4j/core/config/plugins/PluginAttribute.java,7,56,63
log4j-core/src/main/java/org/apache/logging/log4j/core/config/plugins/PluginBuilderAttribute.java,7,58,65
log4j-core/src/main/java/org/apache/logging/log4j/core/config/plugins/PluginBuilderFactory.java,5,65,70
log4j-core/src/main/java/org/apache/logging/log4j/core/config/plugins/PluginConfiguration.java,6,36,42
log4j-core/src/main/java/org/apache/logging/log4j/core/config/plugins/PluginElement.java,6,68,74
log4j-core/src/main/java/org/apache/logging/log4j/core/config/plugins/PluginFactory.java,5,92,97
log4j-core/src/main/java/org/apache/logging/log4j/core/config/plugins/PluginLoggerContext.java,6,0,6
log4j-core/src/main/java/org/apache/logging/log4j/core/config/plugins/PluginNode.java,6,4,10
log4j-core/src/main/java/org/apache/logging/log4j/core/config/plugins/PluginValue.java,6,3,9
log4j-core/src/main/java/org/apache/logging/log4j/core/config/plugins/PluginVisitorStrategy.java,7,1,8
log4j-core/src/main/java/org/apache/logging/log4j/core/config/plugins/convert/Base64Converter.java,6,0,6
log4j-core/src/main/java/org/apache/logging/log4j/core/config/plugins/convert/DateTypeConverter.java,9,1,10
log4j-core/src/main/java/org/apache/logging/log4j/core/config/plugins/convert/EnumConverter.java,1,0,1
log4j-core/src/main/java/org/apache/logging/log4j/core/config/plugins/convert/HexConverter.java,0,0,0
log4j-core/src/main/java/org/apache/logging/log4j/core/config/plugins/convert/TypeConverter.java,0,3,3
log4j-core/src/main/java/org/apache/logging/log4j/core/config/plugins/convert/TypeConverterRegistry.java,14,1,15
log4j-core/src/main/java/org/apache/logging/log4j/core/config/plugins/convert/TypeConverters.java,24,4,28
log4j-core/src/main/java/org/apache/logging/log4j/core/config/plugins/processor/GraalVmProcessor.java,34,0,34
log4j-core/src/main/java/org/apache/logging/log4j/core/config/plugins/processor/PluginCache.java,11,1,12
log4j-core/src/main/java/org/apache/logging/log4j/core/config/plugins/processor/PluginEntry.java,1,2,3
log4j-core/src/main/java/org/apache/logging/log4j/core/config/plugins/processor/PluginProcessor.java,39,1,40
log4j-core/src/main/java/org/apache/logging/log4j/core/config/plugins/processor/internal/Annotations.java,11,1,12
log4j-core/src/main/java/org/apache/logging/log4j/core/config/plugins/processor/internal/ReachabilityMetadata.java,13,1,14
log4j-core/src/main/java/org/apache/logging/log4j/core/config/plugins/util/PluginBuilder.java,27,2,29
log4j-core/src/main/java/org/apache/logging/log4j/core/config/plugins/util/PluginManager.java,14,9,23
log4j-core/src/main/java/org/apache/logging/log4j/core/config/plugins/util/PluginRegistry.java,23,1,24
log4j-core/src/main/java/org/apache/logging/log4j/core/config/plugins/util/PluginType.java,1,15,16
log4j-core/src/main/java/org/apache/logging/log4j/core/config/plugins/util/PluginUtil.java,8,2,10
log4j-core/src/main/java/org/apache/logging/log4j/core/config/plugins/util/ResolverUtil.java,26,0,26
log4j-core/src/main/java/org/apache/logging/log4j/core/config/plugins/validation/Constraint.java,6,4,10
log4j-core/src/main/java/org/apache/logging/log4j/core/config/plugins/validation/ConstraintValidator.java,1,5,6
log4j-core/src/main/java/org/apache/logging/log4j/core/config/plugins/validation/ConstraintValidators.java,6,1,7
log4j-core/src/main/java/org/apache/logging/log4j/core/config/plugins/validation/constraints/NotBlank.java,7,1,8
log4j-core/src/main/java/org/apache/logging/log4j/core/config/plugins/validation/constraints/Required.java,7,29,36
log4j-core/src/main/java/org/apache/logging/log4j/core/config/plugins/validation/constraints/ValidHost.java,8,3,11
log4j-core/src/main/java/org/apache/logging/log4j/core/config/plugins/validation/constraints/ValidPort.java,7,4,11
log4j-core/src/main/java/org/apache/logging/log4j/core/config/plugins/validation/validators/NotBlankValidator.java,5,1,6
log4j-core/src/main/java/org/apache/logging/log4j/core/config/plugins/validation/validators/RequiredValidator.java,7,1,8
log4j-core/src/main/java/org/apache/logging/log4j/core/config/plugins/validation/validators/ValidHostValidator.java,6,1,7
log4j-core/src/main/java/org/apache/logging/log4j/core/config/plugins/validation/validators/ValidPortValidator.java,5,1,6
log4j-core/src/main/java/org/apache/logging/log4j/core/config/plugins/visitors/AbstractPluginVisitor.java,9,0,9
log4j-core/src/main/java/org/apache/logging/log4j/core/config/plugins/visitors/PluginAttributeVisitor.java,6,1,7
log4j-core/src/main/java/org/apache/logging/log4j/core/config/plugins/visitors/PluginBuilderAttributeVisitor.java,6,1,7
log4j-core/src/main/java/org/apache/logging/log4j/core/config/plugins/visitors/PluginConfigurationVisitor.java,4,1,5
log4j-core/src/main/java/org/apache/logging/log4j/core/config/plugins/visitors/PluginElementVisitor.java,10,1,11
log4j-core/src/main/java/org/apache/logging/log4j/core/config/plugins/visitors/PluginLoggerContextVisitor.java,5,1,6
log4j-core/src/main/java/org/apache/logging/log4j/core/config/plugins/visitors/PluginNodeVisitor.java,4,1,5
log4j-core/src/main/java/org/apache/logging/log4j/core/config/plugins/visitors/PluginValueVisitor.java,6,1,7
log4j-core/src/main/java/org/apache/logging/log4j/core/config/plugins/visitors/PluginVisitor.java,6,2,8
log4j-core/src/main/java/org/apache/logging/log4j/core/config/plugins/visitors/PluginVisitors.java,5,1,6
log4j-core/src/main/java/org/apache/logging/log4j/core/config/properties/PropertiesConfiguration.java,7,1,8
log4j-core/src/main/java/org/apache/logging/log4j/core/config/properties/PropertiesConfigurationBuilder.java,27,0,27
log4j-core/src/main/java/org/apache/logging/log4j/core/config/properties/PropertiesConfigurationFactory.java,9,0,9
log4j-core/src/main/java/org/apache/logging/log4j/core/config/status/StatusConfiguration.java,14,4,18
log4j-core/src/main/java/org/apache/logging/log4j/core/config/xml/XmlConfiguration.java,38,0,38
log4j-core/src/main/java/org/apache/logging/log4j/core/config/xml/XmlConfigurationFactory.java,6,0,6
log4j-core/src/main/java/org/apache/logging/log4j/core/config/yaml/YamlConfiguration.java,8,0,8
log4j-core/src/main/java/org/apache/logging/log4j/core/config/yaml/YamlConfigurationFactory.java,7,0,7
log4j-core/src/main/java/org/apache/logging/log4j/core/context/internal/GarbageFreeSortedArrayThreadContextMap.java,11,1,12
log4j-core/src/main/java/org/apache/logging/log4j/core/filter/AbstractFilter.java,8,0,8
log4j-core/src/main/java/org/apache/logging/log4j/core/filter/AbstractFilterable.java,8,6,14
log4j-core/src/main/java/org/apache/logging/log4j/core/filter/BurstFilter.java,15,0,15
log4j-core/src/main/java/org/apache/logging/log4j/core/filter/CompositeFilter.java,19,2,21
log4j-core/src/main/java/org/apache/logging/log4j/core/filter/DenyAllFilter.java,10,0,10
log4j-core/src/main/java/org/apache/logging/log4j/core/filter/DynamicThresholdFilter.java,21,0,21
log4j-core/src/main/java/org/apache/logging/log4j/core/filter/Filterable.java,3,2,5
log4j-core/src/main/java/org/apache/logging/log4j/core/filter/LevelMatchFilter.java,11,0,11
log4j-core/src/main/java/org/apache/logging/log4j/core/filter/LevelRangeFilter.java,11,0,11
log4j-core/src/main/java/org/apache/logging/log4j/core/filter/MapFilter.java,23,0,23
log4j-core/src/main/java/org/apache/logging/log4j/core/filter/MarkerFilter.java,11,0,11
log4j-core/src/main/java/org/apache/logging/log4j/core/filter/MutableThreadContextMapFilter.java,36,0,36
log4j-core/src/main/java/org/apache/logging/log4j/core/filter/NoMarkerFilter.java,10,0,10
log4j-core/src/main/java/org/apache/logging/log4j/core/filter/RegexFilter.java,20,0,20
log4j-core/src/main/java/org/apache/logging/log4j/core/filter/ScriptFilter.java,19,0,19
log4j-core/src/main/java/org/apache/logging/log4j/core/filter/StringMatchFilter.java,13,0,13
log4j-core/src/main/java/org/apache/logging/log4j/core/filter/StructuredDataFilter.java,20,0,20
log4j-core/src/main/java/org/apache/logging/log4j/core/filter/ThreadContextMapFilter.java,25,0,25
log4j-core/src/main/java/org/apache/logging/log4j/core/filter/ThresholdFilter.java,11,1,12
log4j-core/src/main/java/org/apache/logging/log4j/core/filter/TimeFilter.java,20,0,20
log4j-core/src/main/java/org/apache/logging/log4j/core/filter/mutable/KeyValuePairConfig.java,1,1,2
log4j-core/src/main/java/org/apache/logging/log4j/core/impl/ContextAnchor.java,1,5,6
log4j-core/src/main/java/org/apache/logging/log4j/core/impl/ContextDataFactory.java,11,7,18
log4j-core/src/main/java/org/apache/logging/log4j/core/impl/ContextDataInjectorFactory.java,9,6,15
log4j-core/src/main/java/org/apache/logging/log4j/core/impl/DefaultLogEventFactory.java,6,2,8
log4j-core/src/main/java/org/apache/logging/log4j/core/impl/ExtendedClassInfo.java,4,1,5
log4j-core/src/main/java/org/apache/logging/log4j/core/impl/ExtendedStackTraceElement.java,4,5,9
log4j-core/src/main/java/org/apache/logging/log4j/core/impl/JdkMapAdapterStringMap.java,11,1,12
log4j-core/src/main/java/org/apache/logging/log4j/core/impl/LocationAware.java,0,17,17
log4j-core/src/main/java/org/apache/logging/log4j/core/impl/LocationAwareLogEventFactory.java,6,0,6
log4j-core/src/main/java/org/apache/logging/log4j/core/impl/Log4jContextFactory.java,25,2,27
log4j-core/src/main/java/org/apache/logging/log4j/core/impl/Log4jLogEvent.java,32,10,42
log4j-core/src/main/java/org/apache/logging/log4j/core/impl/Log4jProvider.java,14,1,15
log4j-core/src/main/java/org/apache/logging/log4j/core/impl/LogEventFactory.java,6,3,9
log4j-core/src/main/java/org/apache/logging/log4j/core/impl/MementoMessage.java,3,1,4
log4j-core/src/main/java/org/apache/logging/log4j/core/impl/MutableLogEvent.java,25,1,26
log4j-core/src/main/java/org/apache/logging/log4j/core/impl/ReusableLogEventFactory.java,12,2,14
log4j-core/src/main/java/org/apache/logging/log4j/core/impl/ThreadContextDataInjector.java,21,2,23
log4j-core/src/main/java/org/apache/logging/log4j/core/impl/ThreadContextDataProvider.java,6,1,7
log4j-core/src/main/java/org/apache/logging/log4j/core/impl/ThrowableFormatOptions.java,9,6,15
log4j-core/src/main/java/org/apache/logging/log4j/core/impl/ThrowableProxy.java,14,9,23
log4j-core/src/main/java/org/apache/logging/log4j/core/impl/ThrowableProxyHelper.java,11,0,11
log4j-core/src/main/java/org/apache/logging/log4j/core/impl/ThrowableProxyRenderer.java,3,0,3
log4j-core/src/main/java/org/apache/logging/log4j/core/internal/annotation/SuppressFBWarnings.java,2,39,41
log4j-core/src/main/java/org/apache/logging/log4j/core/jackson/ContextDataAsEntryListDeserializer.java,8,0,8
log4j-core/src/main/java/org/apache/logging/log4j/core/jackson/ContextDataAsEntryListSerializer.java,7,0,7
log4j-core/src/main/java/org/apache/logging/log4j/core/jackson/ContextDataDeserializer.java,7,0,7
log4j-core/src/main/java/org/apache/logging/log4j/core/jackson/ContextDataSerializer.java,7,0,7
log4j-core/src/main/java/org/apache/logging/log4j/core/jackson/ExtendedStackTraceElementMixIn.java,8,0,8
log4j-core/src/main/java/org/apache/logging/log4j/core/jackson/Initializers.java,16,0,16
log4j-core/src/main/java/org/apache/logging/log4j/core/jackson/InstantMixIn.java,6,0,6
log4j-core/src/main/java/org/apache/logging/log4j/core/jackson/JsonConstants.java,0,1,1
log4j-core/src/main/java/org/apache/logging/log4j/core/jackson/LevelMixIn.java,5,0,5
log4j-core/src/main/java/org/apache/logging/log4j/core/jackson/ListOfMapEntryDeserializer.java,9,0,9
log4j-core/src/main/java/org/apache/logging/log4j/core/jackson/ListOfMapEntrySerializer.java,8,0,8
log4j-core/src/main/java/org/apache/logging/log4j/core/jackson/Log4jJsonModule.java,5,0,5
log4j-core/src/main/java/org/apache/logging/log4j/core/jackson/Log4jJsonObjectMapper.java,2,2,4
log4j-core/src/main/java/org/apache/logging/log4j/core/jackson/Log4jStackTraceElementDeserializer.java,8,0,8
log4j-core/src/main/java/org/apache/logging/log4j/core/jackson/Log4jXmlModule.java,3,0,3
log4j-core/src/main/java/org/apache/logging/log4j/core/jackson/Log4jXmlObjectMapper.java,17,2,19
log4j-core/src/main/java/org/apache/logging/log4j/core/jackson/Log4jYamlModule.java,5,0,5
log4j-core/src/main/java/org/apache/logging/log4j/core/jackson/Log4jYamlObjectMapper.java,3,2,5
log4j-core/src/main/java/org/apache/logging/log4j/core/jackson/LogEventMixIn.java,31,0,31
log4j-core/src/main/java/org/apache/logging/log4j/core/jackson/MapEntry.java,5,0,5
log4j-core/src/main/java/org/apache/logging/log4j/core/jackson/MarkerMixIn.java,6,0,6
log4j-core/src/main/java/org/apache/logging/log4j/core/jackson/MessageSerializer.java,6,0,6
log4j-core/src/main/java/org/apache/logging/log4j/core/jackson/MutableThreadContextStackDeserializer.java,8,0,8
log4j-core/src/main/java/org/apache/logging/log4j/core/jackson/ObjectMessageSerializer.java,6,0,6
log4j-core/src/main/java/org/apache/logging/log4j/core/jackson/SimpleMessageDeserializer.java,6,0,6
log4j-core/src/main/java/org/apache/logging/log4j/core/jackson/StackTraceElementConstants.java,0,0,0
log4j-core/src/main/java/org/apache/logging/log4j/core/jackson/StackTraceElementMixIn.java,4,0,4
log4j-core/src/main/java/org/apache/logging/log4j/core/jackson/ThrowableProxyMixIn.java,6,0,6
log4j-core/src/main/java/org/apache/logging/log4j/core/jackson/ThrowableProxyWithStacktraceAsStringMixIn.java,6,0,6
log4j-core/src/main/java/org/apache/logging/log4j/core/jackson/ThrowableProxyWithoutStacktraceMixIn.java,6,0,6
log4j-core/src/main/java/org/apache/logging/log4j/core/jackson/XmlConstants.java,0,3,3
log4j-core/src/main/java/org/apache/logging/log4j/core/jmx/AppenderAdmin.java,4,0,4
log4j-core/src/main/java/org/apache/logging/log4j/core/jmx/AppenderAdminMBean.java,0,0,0
log4j-core/src/main/java/org/apache/logging/log4j/core/jmx/AsyncAppenderAdmin.java,3,0,3
log4j-core/src/main/java/org/apache/logging/log4j/core/jmx/AsyncAppenderAdminMBean.java,0,0,0
log4j-core/src/main/java/org/apache/logging/log4j/core/jmx/ContextSelectorAdmin.java,3,0,3
log4j-core/src/main/java/org/apache/logging/log4j/core/jmx/ContextSelectorAdminMBean.java,0,0,0
log4j-core/src/main/java/org/apache/logging/log4j/core/jmx/LoggerConfigAdmin.java,7,0,7
log4j-core/src/main/java/org/apache/logging/log4j/core/jmx/LoggerConfigAdminMBean.java,0,0,0
log4j-core/src/main/java/org/apache/logging/log4j/core/jmx/LoggerContextAdmin.java,31,0,31
log4j-core/src/main/java/org/apache/logging/log4j/core/jmx/LoggerContextAdminMBean.java,4,0,4
log4j-core/src/main/java/org/apache/logging/log4j/core/jmx/RingBufferAdmin.java,2,5,7
log4j-core/src/main/java/org/apache/logging/log4j/core/jmx/RingBufferAdminMBean.java,0,0,0
log4j-core/src/main/java/org/apache/logging/log4j/core/jmx/Server.java,28,1,29
log4j-core/src/main/java/org/apache/logging/log4j/core/jmx/StatusLoggerAdmin.java,18,0,18
log4j-core/src/main/java/org/apache/logging/log4j/core/jmx/StatusLoggerAdminMBean.java,3,0,3
log4j-core/src/main/java/org/apache/logging/log4j/core/jmx/internal/JmxUtil.java,1,0,1
log4j-core/src/main/java/org/apache/logging/log4j/core/layout/AbstractCsvLayout.java,4,0,4
log4j-core/src/main/java/org/apache/logging/log4j/core/layout/AbstractJacksonLayout.java,29,0,29
log4j-core/src/main/java/org/apache/logging/log4j/core/layout/AbstractLayout.java,10,0,10
log4j-core/src/main/java/org/apache/logging/log4j/core/layout/AbstractStringLayout.java,19,0,19
log4j-core/src/main/java/org/apache/logging/log4j/core/layout/ByteBufferDestination.java,2,4,6
log4j-core/src/main/java/org/apache/logging/log4j/core/layout/ByteBufferDestinationHelper.java,1,1,2
log4j-core/src/main/java/org/apache/logging/log4j/core/layout/CsvLogEventLayout.java,13,0,13
log4j-core/src/main/java/org/apache/logging/log4j/core/layout/CsvParameterLayout.java,14,0,14
log4j-core/src/main/java/org/apache/logging/log4j/core/layout/Encoder.java,0,2,2
log4j-core/src/main/java/org/apache/logging/log4j/core/layout/GelfLayout.java,41,0,41
log4j-core/src/main/java/org/apache/logging/log4j/core/layout/HtmlLayout.java,24,1,25
log4j-core/src/main/java/org/apache/logging/log4j/core/layout/JacksonFactory.java,18,0,18
log4j-core/src/main/java/org/apache/logging/log4j/core/layout/JsonLayout.java,16,0,16
log4j-core/src/main/java/org/apache/logging/log4j/core/layout/LevelPatternSelector.java,17,0,17
log4j-core/src/main/java/org/apache/logging/log4j/core/layout/LockingStringBuilderEncoder.java,7,0,7
log4j-core/src/main/java/org/apache/logging/log4j/core/layout/LoggerFields.java,10,1,11
log4j-core/src/main/java/org/apache/logging/log4j/core/layout/MarkerPatternSelector.java,17,0,17
log4j-core/src/main/java/org/apache/logging/log4j/core/layout/MessageLayout.java,7,0,7
log4j-core/src/main/java/org/apache/logging/log4j/core/layout/PatternLayout.java,23,19,42
log4j-core/src/main/java/org/apache/logging/log4j/core/layout/PatternMatch.java,7,0,7
log4j-core/src/main/java/org/apache/logging/log4j/core/layout/PatternSelector.java,2,0,2
log4j-core/src/main/java/org/apache/logging/log4j/core/layout/Rfc5424Layout.java,44,1,45
log4j-core/src/main/java/org/apache/logging/log4j/core/layout/ScriptPatternSelector.java,19,0,19
log4j-core/src/main/java/org/apache/logging/log4j/core/layout/SerializedLayout.java,9,1,10
log4j-core/src/main/java/org/apache/logging/log4j/core/layout/StringBuilderEncoder.java,8,0,8
log4j-core/src/main/java/org/apache/logging/log4j/core/layout/SyslogLayout.java,19,1,20
log4j-core/src/main/java/org/apache/logging/log4j/core/layout/TextEncoderHelper.java,6,1,7
log4j-core/src/main/java/org/apache/logging/log4j/core/layout/XmlLayout.java,11,0,11
log4j-core/src/main/java/org/apache/logging/log4j/core/layout/YamlLayout.java,12,0,12
log4j-core/src/main/java/org/apache/logging/log4j/core/layout/internal/ExcludeChecker.java,1,2,3
log4j-core/src/main/java/org/apache/logging/log4j/core/layout/internal/IncludeChecker.java,1,2,3
log4j-core/src/main/java/org/apache/logging/log4j/core/layout/internal/ListChecker.java,0,2,2
log4j-core/src/main/java/org/apache/logging/log4j/core/lookup/AbstractConfigurationAwareLookup.java,2,0,2
log4j-core/src/main/java/org/apache/logging/log4j/core/lookup/AbstractLookup.java,1,0,1
log4j-core/src/main/java/org/apache/logging/log4j/core/lookup/ConfigurationStrSubstitutor.java,2,3,5
log4j-core/src/main/java/org/apache/logging/log4j/core/lookup/ContextMapLookup.java,6,0,6
log4j-core/src/main/java/org/apache/logging/log4j/core/lookup/DateLookup.java,9,0,9
log4j-core/src/main/java/org/apache/logging/log4j/core/lookup/DefaultLookupResult.java,1,0,1
log4j-core/src/main/java/org/apache/logging/log4j/core/lookup/EnvironmentLookup.java,2,0,2
log4j-core/src/main/java/org/apache/logging/log4j/core/lookup/EventLookup.java,2,0,2
log4j-core/src/main/java/org/apache/logging/log4j/core/lookup/Interpolator.java,17,3,20
log4j-core/src/main/java/org/apache/logging/log4j/core/lookup/JavaLookup.java,4,0,4
log4j-core/src/main/java/org/apache/logging/log4j/core/lookup/JndiLookup.java,9,0,9
log4j-core/src/main/java/org/apache/logging/log4j/core/lookup/Log4jLookup.java,8,0,8
log4j-core/src/main/java/org/apache/logging/log4j/core/lookup/LookupResult.java,0,1,1
log4j-core/src/main/java/org/apache/logging/log4j/core/lookup/LowerLookup.java,3,0,3
log4j-core/src/main/java/org/apache/logging/log4j/core/lookup/MainMapLookup.java,4,1,5
log4j-core/src/main/java/org/apache/logging/log4j/core/lookup/MapLookup.java,7,0,7
log4j-core/src/main/java/org/apache/logging/log4j/core/lookup/MarkerLookup.java,4,0,4
log4j-core/src/main/java/org/apache/logging/log4j/core/lookup/PropertiesLookup.java,6,2,8
log4j-core/src/main/java/org/apache/logging/log4j/core/lookup/ResourceBundleLookup.java,8,0,8
log4j-core/src/main/java/org/apache/logging/log4j/core/lookup/RuntimeStrSubstitutor.java,2,1,3
log4j-core/src/main/java/org/apache/logging/log4j/core/lookup/StrLookup.java,1,2,3
log4j-core/src/main/java/org/apache/logging/log4j/core/lookup/StrMatcher.java,3,0,3
log4j-core/src/main/java/org/apache/logging/log4j/core/lookup/StrSubstitutor.java,13,22,35
log4j-core/src/main/java/org/apache/logging/log4j/core/lookup/StructuredDataLookup.java,3,0,3
log4j-core/src/main/java/org/apache/logging/log4j/core/lookup/SystemPropertiesLookup.java,6,0,6
log4j-core/src/main/java/org/apache/logging/log4j/core/lookup/UpperLookup.java,3,0,3
log4j-core/src/main/java/org/apache/logging/log4j/core/message/ExtendedThreadInfoFactory.java,10,0,10
log4j-core/src/main/java/org/apache/logging/log4j/core/message/ExtendedThreadInformation.java,7,0,7
log4j-core/src/main/java/org/apache/logging/log4j/core/net/AbstractSocketManager.java,7,2,9
log4j-core/src/main/java/org/apache/logging/log4j/core/net/Advertiser.java,1,11,12
log4j-core/src/main/java/org/apache/logging/log4j/core/net/DatagramOutputStream.java,10,0,10
log4j-core/src/main/java/org/apache/logging/log4j/core/net/DatagramSocketManager.java,9,1,10
log4j-core/src/main/java/org/apache/logging/log4j/core/net/Facility.java,1,3,4
log4j-core/src/main/java/org/apache/logging/log4j/core/net/JndiManager.java,12,6,18
log4j-core/src/main/java/org/apache/logging/log4j/core/net/MailManager.java,6,1,7
log4j-core/src/main/java/org/apache/logging/log4j/core/net/MailManagerFactory.java,2,1,3
log4j-core/src/main/java/org/apache/logging/log4j/core/net/MimeMessageBuilder.java,8,0,8
log4j-core/src/main/java/org/apache/logging/log4j/core/net/MulticastDnsAdvertiser.java,11,0,11
log4j-core/src/main/java/org/apache/logging/log4j/core/net/Priority.java,1,2,3
log4j-core/src/main/java/org/apache/logging/log4j/core/net/Protocol.java,0,2,2
log4j-core/src/main/java/org/apache/logging/log4j/core/net/Rfc1349TrafficClass.java,0,0,0
log4j-core/src/main/java/org/apache/logging/log4j/core/net/Severity.java,1,2,3
log4j-core/src/main/java/org/apache/logging/log4j/core/net/SmtpManager.java,31,1,32
log4j-core/src/main/java/org/apache/logging/log4j/core/net/SocketAddress.java,8,0,8
log4j-core/src/main/java/org/apache/logging/log4j/core/net/SocketOptions.java,8,1,9
log4j-core/src/main/java/org/apache/logging/log4j/core/net/SocketPerformancePreferences.java,7,0,7
log4j-core/src/main/java/org/apache/logging/log4j/core/net/SslSocketManager.java,23,1,24
log4j-core/src/main/java/org/apache/logging/log4j/core/net/TcpSocketManager.java,22,1,23
log4j-core/src/main/java/org/apache/logging/log4j/core/net/UrlConnectionFactory.java,20,2,22
log4j-core/src/main/java/org/apache/logging/log4j/core/net/ssl/AbstractKeyStoreConfiguration.java,11,0,11
log4j-core/src/main/java/org/apache/logging/log4j/core/net/ssl/EnvironmentPasswordProvider.java,1,0,1
log4j-core/src/main/java/org/apache/logging/log4j/core/net/ssl/FilePasswordProvider.java,10,0,10
log4j-core/src/main/java/org/apache/logging/log4j/core/net/ssl/KeyStoreConfiguration.java,10,0,10
log4j-core/src/main/java/org/apache/logging/log4j/core/net/ssl/KeyStoreConfigurationException.java,0,0,0
log4j-core/src/main/java/org/apache/logging/log4j/core/net/ssl/LaxHostnameVerifier.java,3,2,5
log4j-core/src/main/java/org/apache/logging/log4j/core/net/ssl/MemoryPasswordProvider.java,1,0,1
log4j-core/src/main/java/org/apache/logging/log4j/core/net/ssl/PasswordProvider.java,0,0,0
log4j-core/src/main/java/org/apache/logging/log4j/core/net/ssl/SslConfiguration.java,18,9,27
log4j-core/src/main/java/org/apache/logging/log4j/core/net/ssl/SslConfigurationDefaults.java,1,0,1
log4j-core/src/main/java/org/apache/logging/log4j/core/net/ssl/SslConfigurationException.java,0,0,0
log4j-core/src/main/java/org/apache/logging/log4j/core/net/ssl/SslConfigurationFactory.java,4,2,6
log4j-core/src/main/java/org/apache/logging/log4j/core/net/ssl/StoreConfiguration.java,3,0,3
log4j-core/src/main/java/org/apache/logging/log4j/core/net/ssl/StoreConfigurationException.java,0,0,0
log4j-core/src/main/java/org/apache/logging/log4j/core/net/ssl/TrustStoreConfiguration.java,9,0,9
log4j-core/src/main/java/org/apache/logging/log4j/core/net/ssl/TrustStoreConfigurationException.java,0,0,0
log4j-core/src/main/java/org/apache/logging/log4j/core/osgi/Activator.java,22,0,22
log4j-core/src/main/java/org/apache/logging/log4j/core/osgi/BundleContextSelector.java,12,0,12
log4j-core/src/main/java/org/apache/logging/log4j/core/parser/AbstractJacksonLogEventParser.java,6,0,6
log4j-core/src/main/java/org/apache/logging/log4j/core/parser/JsonLogEventParser.java,2,0,2
log4j-core/src/main/java/org/apache/logging/log4j/core/parser/LogEventParser.java,1,0,1
log4j-core/src/main/java/org/apache/logging/log4j/core/parser/ParseException.java,0,0,0
log4j-core/src/main/java/org/apache/logging/log4j/core/parser/TextLogEventParser.java,1,0,1
log4j-core/src/main/java/org/apache/logging/log4j/core/parser/XmlLogEventParser.java,2,0,2
log4j-core/src/main/java/org/apache/logging/log4j/core/parser/YamlLogEventParser.java,2,0,2
log4j-core/src/main/java/org/apache/logging/log4j/core/pattern/AbstractPatternConverter.java,2,0,2
log4j-core/src/main/java/org/apache/logging/log4j/core/pattern/AbstractStyleNameConverter.java,9,0,9
log4j-core/src/main/java/org/apache/logging/log4j/core/pattern/AnsiConverter.java,0,0,0
log4j-core/src/main/java/org/apache/logging/log4j/core/pattern/AnsiEscape.java,8,0,8
log4j-core/src/main/java/org/apache/logging/log4j/core/pattern/ArrayPatternConverter.java,0,1,1
log4j-core/src/main/java/org/apache/logging/log4j/core/pattern/CachedDateFormat.java,7,0,7
log4j-core/src/main/java/org/apache/logging/log4j/core/pattern/ClassNamePatternConverter.java,3,0,3
log4j-core/src/main/java/org/apache/logging/log4j/core/pattern/ClassResourceInfo.java,3,0,3
log4j-core/src/main/java/org/apache/logging/log4j/core/pattern/ConverterKeys.java,4,0,4
log4j-core/src/main/java/org/apache/logging/log4j/core/pattern/DatePatternConverter.java,19,2,21
log4j-core/src/main/java/org/apache/logging/log4j/core/pattern/DynamicWordAbbreviator.java,3,0,3
log4j-core/src/main/java/org/apache/logging/log4j/core/pattern/EncodingPatternConverter.java,10,0,10
log4j-core/src/main/java/org/apache/logging/log4j/core/pattern/EndOfBatchPatternConverter.java,3,0,3
log4j-core/src/main/java/org/apache/logging/log4j/core/pattern/EqualsBaseReplacementConverter.java,3,0,3
log4j-core/src/main/java/org/apache/logging/log4j/core/pattern/EqualsIgnoreCaseReplacementConverter.java,6,0,6
log4j-core/src/main/java/org/apache/logging/log4j/core/pattern/EqualsReplacementConverter.java,6,0,6
log4j-core/src/main/java/org/apache/logging/log4j/core/pattern/ExtendedThrowablePatternConverter.java,5,0,5
log4j-core/src/main/java/org/apache/logging/log4j/core/pattern/FileDatePatternConverter.java,2,0,2
log4j-core/src/main/java/org/apache/logging/log4j/core/pattern/FileLocationPatternConverter.java,3,0,3
log4j-core/src/main/java/org/apache/logging/log4j/core/pattern/FormattingInfo.java,1,2,3
log4j-core/src/main/java/org/apache/logging/log4j/core/pattern/FullLocationPatternConverter.java,3,0,3
log4j-core/src/main/java/org/apache/logging/log4j/core/pattern/HighlightConverter.java,11,0,11
log4j-core/src/main/java/org/apache/logging/log4j/core/pattern/HtmlTextRenderer.java,0,0,0
log4j-core/src/main/java/org/apache/logging/log4j/core/pattern/IntegerPatternConverter.java,3,0,3
log4j-core/src/main/java/org/apache/logging/log4j/core/pattern/JAnsiTextRenderer.java,13,1,14
log4j-core/src/main/java/org/apache/logging/log4j/core/pattern/LevelPatternConverter.java,9,0,9
log4j-core/src/main/java/org/apache/logging/log4j/core/pattern/LineLocationPatternConverter.java,3,0,3
log4j-core/src/main/java/org/apache/logging/log4j/core/pattern/LineSeparatorPatternConverter.java,4,0,4
log4j-core/src/main/java/org/apache/logging/log4j/core/pattern/LiteralPatternConverter.java,4,0,4
log4j-core/src/main/java/org/apache/logging/log4j/core/pattern/LogEventPatternConverter.java,1,2,3
log4j-core/src/main/java/org/apache/logging/log4j/core/pattern/LoggerFqcnPatternConverter.java,3,0,3
log4j-core/src/main/java/org/apache/logging/log4j/core/pattern/LoggerPatternConverter.java,3,0,3
log4j-core/src/main/java/org/apache/logging/log4j/core/pattern/MapPatternConverter.java,5,0,5
log4j-core/src/main/java/org/apache/logging/log4j/core/pattern/MarkerPatternConverter.java,5,0,5
log4j-core/src/main/java/org/apache/logging/log4j/core/pattern/MarkerSimpleNamePatternConverter.java,4,0,4
log4j-core/src/main/java/org/apache/logging/log4j/core/pattern/MaxLengthConverter.java,7,0,7
log4j-core/src/main/java/org/apache/logging/log4j/core/pattern/MdcPatternConverter.java,6,0,6
log4j-core/src/main/java/org/apache/logging/log4j/core/pattern/MessagePatternConverter.java,12,0,12
log4j-core/src/main/java/org/apache/logging/log4j/core/pattern/MethodLocationPatternConverter.java,3,0,3
log4j-core/src/main/java/org/apache/logging/log4j/core/pattern/NameAbbreviator.java,5,0,5
log4j-core/src/main/java/org/apache/logging/log4j/core/pattern/NamePatternConverter.java,1,0,1
log4j-core/src/main/java/org/apache/logging/log4j/core/pattern/NamedInstantPattern.java,1,0,1
log4j-core/src/main/java/org/apache/logging/log4j/core/pattern/NanoTimePatternConverter.java,3,0,3
log4j-core/src/main/java/org/apache/logging/log4j/core/pattern/NdcPatternConverter.java,3,0,3
log4j-core/src/main/java/org/apache/logging/log4j/core/pattern/NotANumber.java,0,1,1
log4j-core/src/main/java/org/apache/logging/log4j/core/pattern/PatternConverter.java,0,2,2
log4j-core/src/main/java/org/apache/logging/log4j/core/pattern/PatternFormatter.java,2,6,8
log4j-core/src/main/java/org/apache/logging/log4j/core/pattern/PatternParser.java,15,6,21
log4j-core/src/main/java/org/apache/logging/log4j/core/pattern/PlainTextRenderer.java,0,4,4
log4j-core/src/main/java/org/apache/logging/log4j/core/pattern/ProcessIdPatternConverter.java,3,0,3
log4j-core/src/main/java/org/apache/logging/log4j/core/pattern/RegexReplacement.java,7,1,8
log4j-core/src/main/java/org/apache/logging/log4j/core/pattern/RegexReplacementConverter.java,6,0,6
log4j-core/src/main/java/org/apache/logging/log4j/core/pattern/RelativeTimePatternConverter.java,4,0,4
log4j-core/src/main/java/org/apache/logging/log4j/core/pattern/RepeatPatternConverter.java,6,0,6
log4j-core/src/main/java/org/apache/logging/log4j/core/pattern/RootThrowablePatternConverter.java,4,0,4
log4j-core/src/main/java/org/apache/logging/log4j/core/pattern/SequenceNumberPatternConverter.java,4,0,4
log4j-core/src/main/java/org/apache/logging/log4j/core/pattern/SimpleLiteralPatternConverter.java,3,0,3
log4j-core/src/main/java/org/apache/logging/log4j/core/pattern/StyleConverter.java,8,0,8
log4j-core/src/main/java/org/apache/logging/log4j/core/pattern/TextRenderer.java,0,5,5
log4j-core/src/main/java/org/apache/logging/log4j/core/pattern/ThreadIdPatternConverter.java,3,0,3
log4j-core/src/main/java/org/apache/logging/log4j/core/pattern/ThreadNamePatternConverter.java,3,0,3
log4j-core/src/main/java/org/apache/logging/log4j/core/pattern/ThreadPriorityPatternConverter.java,3,0,3
log4j-core/src/main/java/org/apache/logging/log4j/core/pattern/ThrowableExtendedStackTraceRenderer.java,11,0,11
log4j-core/src/main/java/org/apache/logging/log4j/core/pattern/ThrowableExtendedStackTraceRendererFactory.java,1,0,1
log4j-core/src/main/java/org/apache/logging/log4j/core/pattern/ThrowableInvertedPropertyRendererFactory.java,3,0,3
log4j-core/src/main/java/org/apache/logging/log4j/core/pattern/ThrowableInvertedStackTraceRenderer.java,3,0,3
log4j-core/src/main/java/org/apache/logging/log4j/core/pattern/ThrowableInvertedStackTraceRendererFactory.java,1,0,1
log4j-core/src/main/java/org/apache/logging/log4j/core/pattern/ThrowablePatternConverter.java,12,1,13
log4j-core/src/main/java/org/apache/logging/log4j/core/pattern/ThrowablePropertyRendererFactory.java,6,0,6
log4j-core/src/main/java/org/apache/logging/log4j/core/pattern/ThrowableRenderer.java,0,0,0
log4j-core/src/main/java/org/apache/logging/log4j/core/pattern/ThrowableStackTraceRenderer.java,7,0,7
log4j-core/src/main/java/org/apache/logging/log4j/core/pattern/ThrowableStackTraceRendererFactory.java,1,0,1
log4j-core/src/main/java/org/apache/logging/log4j/core/pattern/UuidPatternConverter.java,4,0,4
log4j-core/src/main/java/org/apache/logging/log4j/core/pattern/VariablesNotEmptyReplacementConverter.java,6,0,6
log4j-core/src/main/java/org/apache/logging/log4j/core/script/AbstractScript.java,4,9,13
log4j-core/src/main/java/org/apache/logging/log4j/core/script/Script.java,5,0,5
log4j-core/src/main/java/org/apache/logging/log4j/core/script/ScriptFile.java,18,1,19
log4j-core/src/main/java/org/apache/logging/log4j/core/script/ScriptManager.java,26,5,31
log4j-core/src/main/java/org/apache/logging/log4j/core/script/ScriptRef.java,6,7,13
log4j-core/src/main/java/org/apache/logging/log4j/core/selector/BasicContextSelector.java,7,1,8
log4j-core/src/main/java/org/apache/logging/log4j/core/selector/ClassLoaderContextSelector.java,17,3,20
log4j-core/src/main/java/org/apache/logging/log4j/core/selector/ContextSelector.java,5,4,9
log4j-core/src/main/java/org/apache/logging/log4j/core/selector/CoreContextSelectors.java,2,0,2
log4j-core/src/main/java/org/apache/logging/log4j/core/selector/JndiContextSelector.java,14,0,14
log4j-core/src/main/java/org/apache/logging/log4j/core/selector/NamedContextSelector.java,2,0,2
log4j-core/src/main/java/org/apache/logging/log4j/core/time/Instant.java,2,19,21
log4j-core/src/main/java/org/apache/logging/log4j/core/time/MutableInstant.java,15,9,24
log4j-core/src/main/java/org/apache/logging/log4j/core/time/PreciseClock.java,1,3,4
log4j-core/src/main/java/org/apache/logging/log4j/core/time/internal/FixedPreciseClock.java,2,0,2
log4j-core/src/main/java/org/apache/logging/log4j/core/tools/BasicCommandLineArguments.java,1,0,1
log4j-core/src/main/java/org/apache/logging/log4j/core/tools/CustomLoggerGenerator.java,0,0,0
log4j-core/src/main/java/org/apache/logging/log4j/core/tools/ExtendedLoggerGenerator.java,0,0,0
log4j-core/src/main/java/org/apache/logging/log4j/core/tools/Generate.java,6,0,6
log4j-core/src/main/java/org/apache/logging/log4j/core/tools/picocli/CommandLine.java,57,0,57
log4j-core/src/main/java/org/apache/logging/log4j/core/util/AbstractWatcher.java,4,2,6
log4j-core/src/main/java/org/apache/logging/log4j/core/util/ArrayUtils.java,1,0,1
log4j-core/src/main/java/org/apache/logging/log4j/core/util/Assert.java,2,4,6
log4j-core/src/main/java/org/apache/logging/log4j/core/util/AuthorizationProvider.java,1,5,6
log4j-core/src/main/java/org/apache/logging/log4j/core/util/BasicAuthorizationProvider.java,8,1,9
log4j-core/src/main/java/org/apache/logging/log4j/core/util/Booleans.java,0,16,16
log4j-core/src/main/java/org/apache/logging/log4j/core/util/Builder.java,1,7,8
log4j-core/src/main/java/org/apache/logging/log4j/core/util/CachedClock.java,1,0,1
log4j-core/src/main/java/org/apache/logging/log4j/core/util/Cancellable.java,0,3,3
log4j-core/src/main/java/org/apache/logging/log4j/core/util/Clock.java,0,11,11
log4j-core/src/main/java/org/apache/logging/log4j/core/util/ClockFactory.java,6,5,11
log4j-core/src/main/java/org/apache/logging/log4j/core/util/CloseShieldOutputStream.java,2,2,4
log4j-core/src/main/java/org/apache/logging/log4j/core/util/CloseShieldWriter.java,2,1,3
log4j-core/src/main/java/org/apache/logging/log4j/core/util/Closer.java,1,6,7
log4j-core/src/main/java/org/apache/logging/log4j/core/util/CoarseCachedClock.java,1,0,1
log4j-core/src/main/java/org/apache/logging/log4j/core/util/Constants.java,1,26,27
log4j-core/src/main/java/org/apache/logging/log4j/core/util/ContextDataProvider.java,3,3,6
log4j-core/src/main/java/org/apache/logging/log4j/core/util/CronExpression.java,11,3,14
log4j-core/src/main/java/org/apache/logging/log4j/core/util/CyclicBuffer.java,1,1,2
log4j-core/src/main/java/org/apache/logging/log4j/core/util/DefaultShutdownCallbackRegistry.java,13,1,14
log4j-core/src/main/java/org/apache/logging/log4j/core/util/DummyNanoClock.java,0,2,2
log4j-core/src/main/java/org/apache/logging/log4j/core/util/ExecutorServices.java,4,1,5
log4j-core/src/main/java/org/apache/logging/log4j/core/util/ExtensionLanguageMapping.java,2,1,3
log4j-core/src/main/java/org/apache/logging/log4j/core/util/FileUtils.java,19,9,28
log4j-core/src/main/java/org/apache/logging/log4j/core/util/FileWatcher.java,1,2,3
log4j-core/src/main/java/org/apache/logging/log4j/core/util/IOUtils.java,5,2,7
log4j-core/src/main/java/org/apache/logging/log4j/core/util/Integers.java,1,29,30
log4j-core/src/main/java/org/apache/logging/log4j/core/util/JndiCloser.java,2,1,3
log4j-core/src/main/java/org/apache/logging/log4j/core/util/JsonUtils.java,0,2,2
log4j-core/src/main/java/org/apache/logging/log4j/core/util/KeyValuePair.java,5,15,20
log4j-core/src/main/java/org/apache/logging/log4j/core/util/Loader.java,8,15,23
log4j-core/src/main/java/org/apache/logging/log4j/core/util/Log4jThread.java,1,8,9
log4j-core/src/main/java/org/apache/logging/log4j/core/util/Log4jThreadFactory.java,2,5,7
log4j-core/src/main/java/org/apache/logging/log4j/core/util/NameUtil.java,6,1,7
log4j-core/src/main/java/org/apache/logging/log4j/core/util/NanoClock.java,0,7,7
log4j-core/src/main/java/org/apache/logging/log4j/core/util/NetUtils.java,17,10,27
log4j-core/src/main/java/org/apache/logging/log4j/core/util/NullOutputStream.java,2,5,7
log4j-core/src/main/java/org/apache/logging/log4j/core/util/ObjectArrayIterator.java,2,1,3
log4j-core/src/main/java/org/apache/logging/log4j/core/util/OptionConverter.java,11,2,13
log4j-core/src/main/java/org/apache/logging/log4j/core/util/PasswordDecryptor.java,0,0,0
log4j-core/src/main/java/org/apache/logging/log4j/core/util/Patterns.java,0,10,10
log4j-core/src/main/java/org/apache/logging/log4j/core/util/ReflectionUtil.java,7,5,12
log4j-core/src/main/java/org/apache/logging/log4j/core/util/SecretKeyProvider.java,1,0,1
log4j-core/src/main/java/org/apache/logging/log4j/core/util/ShutdownCallbackRegistry.java,2,3,5
log4j-core/src/main/java/org/apache/logging/log4j/core/util/Source.java,17,7,24
log4j-core/src/main/java/org/apache/logging/log4j/core/util/StringBuilderWriter.java,2,1,3
log4j-core/src/main/java/org/apache/logging/log4j/core/util/StringEncoder.java,1,2,3
log4j-core/src/main/java/org/apache/logging/log4j/core/util/SystemClock.java,3,0,3
log4j-core/src/main/java/org/apache/logging/log4j/core/util/SystemMillisClock.java,0,0,0
log4j-core/src/main/java/org/apache/logging/log4j/core/util/SystemNanoClock.java,0,1,1
log4j-core/src/main/java/org/apache/logging/log4j/core/util/Throwables.java,12,7,19
log4j-core/src/main/java/org/apache/logging/log4j/core/util/Transform.java,1,1,2
log4j-core/src/main/java/org/apache/logging/log4j/core/util/TypeUtil.java,9,2,11
log4j-core/src/main/java/org/apache/logging/log4j/core/util/UuidUtil.java,8,1,9
log4j-core/src/main/java/org/apache/logging/log4j/core/util/WatchEventService.java,0,0,0
log4j-core/src/main/java/org/apache/logging/log4j/core/util/WatchManager.java,24,4,28
log4j-core/src/main/java/org/apache/logging/log4j/core/util/Watcher.java,3,4,7
log4j-core/src/main/java/org/apache/logging/log4j/core/util/WatcherFactory.java,13,1,14
log4j-core/src/main/java/org/apache/logging/log4j/core/util/WrappedFileWatcher.java,6,0,6
log4j-core/src/main/java/org/apache/logging/log4j/core/util/datetime/DatePrinter.java,5,0,5
log4j-core/src/main/java/org/apache/logging/log4j/core/util/datetime/FastDateFormat.java,6,2,8
log4j-core/src/main/java/org/apache/logging/log4j/core/util/datetime/FastDatePrinter.java,15,0,15
log4j-core/src/main/java/org/apache/logging/log4j/core/util/datetime/FixedDateFormat.java,7,3,10
log4j-core/src/main/java/org/apache/logging/log4j/core/util/datetime/Format.java,1,0,1
log4j-core/src/main/java/org/apache/logging/log4j/core/util/datetime/FormatCache.java,7,0,7
log4j-core/src/main/java/org/apache/logging/log4j/core/util/internal/HttpInputStreamUtil.java,17,2,19
log4j-core/src/main/java/org/apache/logging/log4j/core/util/internal/InternalLoggerRegistry.java,21,1,22
log4j-core/src/main/java/org/apache/logging/log4j/core/util/internal/LastModifiedSource.java,3,2,5
log4j-core/src/main/java/org/apache/logging/log4j/core/util/internal/Status.java,0,1,1
log4j-core/src/main/java/org/apache/logging/log4j/core/util/internal/SystemUtils.java,2,2,4
log4j-core/src/main/java/org/apache/logging/log4j/core/util/internal/UnsafeUtil.java,7,1,8
log4j-core/src/main/java/org/apache/logging/log4j/core/util/internal/instant/InstantFormatter.java,3,2,5
log4j-core/src/main/java/org/apache/logging/log4j/core/util/internal/instant/InstantNumberFormatter.java,4,2,6
log4j-core/src/main/java/org/apache/logging/log4j/core/util/internal/instant/InstantPatternDynamicFormatter.java,18,0,18
log4j-core/src/main/java/org/apache/logging/log4j/core/util/internal/instant/InstantPatternFormatter.java,8,2,10
log4j-core/src/main/java/org/apache/logging/log4j/core/util/internal/instant/InstantPatternLegacyFormatter.java,11,0,11
log4j-core/src/main/java/org/apache/logging/log4j/core/util/internal/instant/InstantPatternThreadLocalCachedFormatter.java,6,0,6
log4j-jdbc-dbcp2/src/main/java/org/apache/logging/log4j/core/appender/db/jdbc/PoolableConnectionFactoryConfig.java,12,0,12
log4j-jdbc-dbcp2/src/main/java/org/apache/logging/log4j/core/appender/db/jdbc/PoolingDriverConnectionSource.java,17,0,17
log4j-layout-template-json/src/main/java/org/apache/logging/log4j/layout/template/json/JsonTemplateLayout.java,40,5,45
log4j-layout-template-json/src/main/java/org/apache/logging/log4j/layout/template/json/JsonTemplateLayoutDefaults.java,9,4,13
log4j-layout-template-json/src/main/java/org/apache/logging/log4j/layout/template/json/internal/annotation/SuppressFBWarnings.java,2,1,3
log4j-layout-template-json/src/main/java/org/apache/logging/log4j/layout/template/json/resolver/CaseConverterResolver.java,6,0,6
log4j-layout-template-json/src/main/java/org/apache/logging/log4j/layout/template/json/resolver/CaseConverterResolverFactory.java,2,0,2
log4j-layout-template-json/src/main/java/org/apache/logging/log4j/layout/template/json/resolver/CounterResolver.java,8,0,8
log4j-layout-template-json/src/main/java/org/apache/logging/log4j/layout/template/json/resolver/CounterResolverFactory.java,2,0,2
log4j-layout-template-json/src/main/java/org/apache/logging/log4j/layout/template/json/resolver/EndOfBatchResolver.java,2,0,2
log4j-layout-template-json/src/main/java/org/apache/logging/log4j/layout/template/json/resolver/EndOfBatchResolverFactory.java,2,0,2
log4j-layout-template-json/src/main/java/org/apache/logging/log4j/layout/template/json/resolver/EventAdditionalFieldInterceptor.java,5,0,5
log4j-layout-template-json/src/main/java/org/apache/logging/log4j/layout/template/json/resolver/EventResolver.java,1,0,1
log4j-layout-template-json/src/main/java/org/apache/logging/log4j/layout/template/json/resolver/EventResolverContext.java,10,1,11
log4j-layout-template-json/src/main/java/org/apache/logging/log4j/layout/template/json/resolver/EventResolverFactories.java,3,1,4
log4j-layout-template-json/src/main/java/org/apache/logging/log4j/layout/template/json/resolver/EventResolverFactory.java,1,1,2
log4j-layout-template-json/src/main/java/org/apache/logging/log4j/layout/template/json/resolver/EventResolverInterceptor.java,1,1,2
log4j-layout-template-json/src/main/java/org/apache/logging/log4j/layout/template/json/resolver/EventResolverInterceptors.java,2,1,3
log4j-layout-template-json/src/main/java/org/apache/logging/log4j/layout/template/json/resolver/EventResolverStringSubstitutor.java,3,1,4
log4j-layout-template-json/src/main/java/org/apache/logging/log4j/layout/template/json/resolver/EventRootObjectKeyInterceptor.java,4,0,4
log4j-layout-template-json/src/main/java/org/apache/logging/log4j/layout/template/json/resolver/ExceptionResolver.java,11,0,11
log4j-layout-template-json/src/main/java/org/apache/logging/log4j/layout/template/json/resolver/ExceptionResolverFactory.java,2,0,2
log4j-layout-template-json/src/main/java/org/apache/logging/log4j/layout/template/json/resolver/ExceptionRootCauseResolver.java,3,0,3
log4j-layout-template-json/src/main/java/org/apache/logging/log4j/layout/template/json/resolver/ExceptionRootCauseResolverFactory.java,2,0,2
log4j-layout-template-json/src/main/java/org/apache/logging/log4j/layout/template/json/resolver/LevelResolver.java,8,0,8
log4j-layout-template-json/src/main/java/org/apache/logging/log4j/layout/template/json/resolver/LevelResolverFactory.java,2,0,2
log4j-layout-template-json/src/main/java/org/apache/logging/log4j/layout/template/json/resolver/LoggerResolver.java,2,0,2
log4j-layout-template-json/src/main/java/org/apache/logging/log4j/layout/template/json/resolver/LoggerResolverFactory.java,2,0,2
log4j-layout-template-json/src/main/java/org/apache/logging/log4j/layout/template/json/resolver/MainMapResolver.java,3,0,3
log4j-layout-template-json/src/main/java/org/apache/logging/log4j/layout/template/json/resolver/MainMapResolverFactory.java,2,0,2
log4j-layout-template-json/src/main/java/org/apache/logging/log4j/layout/template/json/resolver/MapResolver.java,4,0,4
log4j-layout-template-json/src/main/java/org/apache/logging/log4j/layout/template/json/resolver/MapResolverFactory.java,2,0,2
log4j-layout-template-json/src/main/java/org/apache/logging/log4j/layout/template/json/resolver/MarkerResolver.java,3,0,3
log4j-layout-template-json/src/main/java/org/apache/logging/log4j/layout/template/json/resolver/MarkerResolverFactory.java,2,0,2
log4j-layout-template-json/src/main/java/org/apache/logging/log4j/layout/template/json/resolver/MessageParameterResolver.java,6,0,6
log4j-layout-template-json/src/main/java/org/apache/logging/log4j/layout/template/json/resolver/MessageParameterResolverFactory.java,2,0,2
log4j-layout-template-json/src/main/java/org/apache/logging/log4j/layout/template/json/resolver/MessageResolver.java,8,0,8
log4j-layout-template-json/src/main/java/org/apache/logging/log4j/layout/template/json/resolver/MessageResolverFactory.java,2,0,2
log4j-layout-template-json/src/main/java/org/apache/logging/log4j/layout/template/json/resolver/PatternResolver.java,7,0,7
log4j-layout-template-json/src/main/java/org/apache/logging/log4j/layout/template/json/resolver/PatternResolverFactory.java,2,0,2
log4j-layout-template-json/src/main/java/org/apache/logging/log4j/layout/template/json/resolver/ReadOnlyStringMapResolver.java,10,0,10
log4j-layout-template-json/src/main/java/org/apache/logging/log4j/layout/template/json/resolver/SourceResolver.java,3,0,3
log4j-layout-template-json/src/main/java/org/apache/logging/log4j/layout/template/json/resolver/SourceResolverFactory.java,2,0,2
log4j-layout-template-json/src/main/java/org/apache/logging/log4j/layout/template/json/resolver/StackTraceElementResolver.java,1,0,1
log4j-layout-template-json/src/main/java/org/apache/logging/log4j/layout/template/json/resolver/StackTraceElementResolverContext.java,5,0,5
log4j-layout-template-json/src/main/java/org/apache/logging/log4j/layout/template/json/resolver/StackTraceElementResolverFactory.java,0,0,0
log4j-layout-template-json/src/main/java/org/apache/logging/log4j/layout/template/json/resolver/StackTraceElementResolverStringSubstitutor.java,2,0,2
log4j-layout-template-json/src/main/java/org/apache/logging/log4j/layout/template/json/resolver/StackTraceObjectResolver.java,1,0,1
log4j-layout-template-json/src/main/java/org/apache/logging/log4j/layout/template/json/resolver/StackTraceResolver.java,0,0,0
log4j-layout-template-json/src/main/java/org/apache/logging/log4j/layout/template/json/resolver/StackTraceStringResolver.java,12,0,12
log4j-layout-template-json/src/main/java/org/apache/logging/log4j/layout/template/json/resolver/TemplateResolver.java,1,1,2
log4j-layout-template-json/src/main/java/org/apache/logging/log4j/layout/template/json/resolver/TemplateResolverConfig.java,5,0,5
log4j-layout-template-json/src/main/java/org/apache/logging/log4j/layout/template/json/resolver/TemplateResolverContext.java,3,0,3
log4j-layout-template-json/src/main/java/org/apache/logging/log4j/layout/template/json/resolver/TemplateResolverFactories.java,8,0,8
log4j-layout-template-json/src/main/java/org/apache/logging/log4j/layout/template/json/resolver/TemplateResolverFactory.java,0,0,0
log4j-layout-template-json/src/main/java/org/apache/logging/log4j/layout/template/json/resolver/TemplateResolverInterceptor.java,0,0,0
log4j-layout-template-json/src/main/java/org/apache/logging/log4j/layout/template/json/resolver/TemplateResolverInterceptors.java,8,0,8
log4j-layout-template-json/src/main/java/org/apache/logging/log4j/layout/template/json/resolver/TemplateResolverStringSubstitutor.java,1,0,1
log4j-layout-template-json/src/main/java/org/apache/logging/log4j/layout/template/json/resolver/TemplateResolvers.java,8,1,9
log4j-layout-template-json/src/main/java/org/apache/logging/log4j/layout/template/json/resolver/ThreadContextDataResolver.java,1,0,1
log4j-layout-template-json/src/main/java/org/apache/logging/log4j/layout/template/json/resolver/ThreadContextDataResolverFactory.java,2,0,2
log4j-layout-template-json/src/main/java/org/apache/logging/log4j/layout/template/json/resolver/ThreadContextStackResolver.java,5,0,5
log4j-layout-template-json/src/main/java/org/apache/logging/log4j/layout/template/json/resolver/ThreadContextStackResolverFactory.java,2,0,2
log4j-layout-template-json/src/main/java/org/apache/logging/log4j/layout/template/json/resolver/ThreadResolver.java,2,0,2
log4j-layout-template-json/src/main/java/org/apache/logging/log4j/layout/template/json/resolver/ThreadResolverFactory.java,2,0,2
log4j-layout-template-json/src/main/java/org/apache/logging/log4j/layout/template/json/resolver/TimestampResolver.java,9,0,9
log4j-layout-template-json/src/main/java/org/apache/logging/log4j/layout/template/json/resolver/TimestampResolverFactory.java,2,0,2
log4j-layout-template-json/src/main/java/org/apache/logging/log4j/layout/template/json/util/CharSequencePointer.java,2,1,3
log4j-layout-template-json/src/main/java/org/apache/logging/log4j/layout/template/json/util/DummyRecycler.java,1,0,1
log4j-layout-template-json/src/main/java/org/apache/logging/log4j/layout/template/json/util/DummyRecyclerFactory.java,2,0,2
log4j-layout-template-json/src/main/java/org/apache/logging/log4j/layout/template/json/util/InstantFormatter.java,12,0,12
log4j-layout-template-json/src/main/java/org/apache/logging/log4j/layout/template/json/util/JsonReader.java,9,3,12
log4j-layout-template-json/src/main/java/org/apache/logging/log4j/layout/template/json/util/JsonWriter.java,10,25,35
log4j-layout-template-json/src/main/java/org/apache/logging/log4j/layout/template/json/util/MapAccessor.java,4,1,5
log4j-layout-template-json/src/main/java/org/apache/logging/log4j/layout/template/json/util/QueueingRecycler.java,3,0,3
log4j-layout-template-json/src/main/java/org/apache/logging/log4j/layout/template/json/util/QueueingRecyclerFactory.java,3,0,3
log4j-layout-template-json/src/main/java/org/apache/logging/log4j/layout/template/json/util/Recycler.java,0,5,5
log4j-layout-template-json/src/main/java/org/apache/logging/log4j/layout/template/json/util/RecyclerFactories.java,12,0,12
log4j-layout-template-json/src/main/java/org/apache/logging/log4j/layout/template/json/util/RecyclerFactory.java,2,5,7
log4j-layout-template-json/src/main/java/org/apache/logging/log4j/layout/template/json/util/RecyclerFactoryConverter.java,3,0,3
log4j-layout-template-json/src/main/java/org/apache/logging/log4j/layout/template/json/util/StringParameterParser.java,7,0,7
log4j-layout-template-json/src/main/java/org/apache/logging/log4j/layout/template/json/util/ThreadLocalRecycler.java,2,0,2
log4j-layout-template-json/src/main/java/org/apache/logging/log4j/layout/template/json/util/ThreadLocalRecyclerFactory.java,2,0,2
log4j-layout-template-json/src/main/java/org/apache/logging/log4j/layout/template/json/util/TruncatingBufferedPrintWriter.java,1,1,2
log4j-layout-template-json/src/main/java/org/apache/logging/log4j/layout/template/json/util/TruncatingBufferedWriter.java,3,0,3
log4j-layout-template-json/src/main/java/org/apache/logging/log4j/layout/template/json/util/Uris.java,18,1,19
log4j-slf4j2-impl/src/main/java/org/apache/logging/slf4j/Log4jEventBuilder.java,14,0,14
log4j-slf4j2-impl/src/main/java/org/apache/logging/slf4j/Log4jLogger.java,13,0,13
log4j-slf4j2-impl/src/main/java/org/apache/logging/slf4j/Log4jLoggerFactory.java,9,0,9
log4j-slf4j2-impl/src/main/java/org/apache/logging/slf4j/Log4jMDCAdapter.java,10,0,10
log4j-slf4j2-impl/src/main/java/org/apache/logging/slf4j/Log4jMarker.java,8,0,8
log4j-slf4j2-impl/src/main/java/org/apache/logging/slf4j/Log4jMarkerFactory.java,10,0,10
log4j-slf4j2-impl/src/main/java/org/apache/logging/slf4j/SLF4JLoggingException.java,0,0,0
log4j-slf4j2-impl/src/main/java/org/apache/logging/slf4j/SLF4JServiceProvider.java,5,0,5
log4j-slf4j2-impl/src/main/java/org/apache/logging/slf4j/message/ThrowableConsumingMessageFactory.java,6,0,6
